step,instrument,label
0,Guitar,4
3,Guitar,8
2,Guitar_Noisy,0
9,Guitar,8
5,Guitar,4
2,Guitar,9
0,Guitar,2
2,Guitar,4
2,Guitar,8
2,Guitar,4
0,Guitar,0
1,Guitar,2
4,Guitar,6
3,Guitar,9
3,Guitar,1
3,Guitar,9
1,Guitar,6
2,Guitar,6
0,Guitar,7
3,Guitar,4
2,Guitar,5
1,Guitar,9
156,Guitar,3
4,Guitar,3
4,Guitar,3
2,Guitar,8
2,Guitar,2
2,Guitar,4
2,Guitar,6
3,Guitar,7
2,Guitar,5
5,Guitar,3
4,Guitar,7
2,Guitar,3
1,Guitar,7
79,Guitar,8
3,Guitar,2
1,Guitar,8
0,Guitar,1
1,Guitar,8
0,Guitar,5
5,Guitar,9
60,Guitar,3
1,Guitar,3
2,Guitar,4
2,Guitar,2
2,Guitar,6
4,Guitar,3
4,Guitar,1
0,Guitar,6
3,Guitar,5
2,Guitar,0
2,Guitar,7
2,Guitar,8
1,Guitar,3
3,Guitar,7
0,Guitar,4
3,Guitar,2
2,Guitar,8
5,Guitar,1
2,Guitar,6
0,Guitar,5
5,Guitar,3
2,Guitar,6
1,Guitar,9
1,Guitar,9
1,Guitar,3
37,Guitar,8
3,Guitar,1
4,Guitar,9
0,Guitar,6
2,Guitar,9
2,Guitar,8
4,Guitar,1
0,Guitar,3
4,Guitar,9
1,Guitar_Noisy,4
1,Guitar,9
3,Guitar,7
2,Guitar,2
3,Guitar,6
3,Guitar,1
1,Guitar,0
2,Guitar,2
1,Guitar,5
1,Guitar,4
2,Guitar,0
3,Guitar,8
2,Guitar_Noisy,5
50,Guitar,8
6,Guitar,6
5,Guitar,3
3,Guitar,8
1,Guitar,1
0,Guitar,2
2,Guitar,8
3,Guitar,0
3,Guitar,4
3,Guitar,6
0,Guitar,8
130,Guitar,8
2,Guitar,7
0,Guitar,5
45,Guitar,3
1,Guitar,4
0,Guitar,0
3,Guitar,4
0,Guitar,8
1,Guitar,1
0,Guitar,5
3,Guitar,9
3,Guitar,8
15,Guitar,3
2,Guitar,1
0,Guitar,0
2,Guitar,3
0,Guitar,8
2,Guitar,6
2,Guitar,5
4,Guitar,1
2,Guitar,9
1,Guitar_Noisy,4
1,Guitar,4
2,Guitar,2
3,Guitar,4
109,Guitar,8
158,Guitar,3
1,Guitar,0
0,Guitar,0
4,Guitar,4
1,Guitar,6
5,Guitar,9
5,Guitar,9
1,Guitar,2
0,Guitar,0
1,Guitar,2
2,Guitar,8
2,Guitar,6
4,Guitar,2
21,Guitar,8
3,Guitar,2
1,Guitar,5
1,Guitar,7
0,Guitar,3
2,Guitar,8
2,Guitar,9
3,Guitar,4
4,Guitar,1
3,Guitar,2
3,Guitar,9
2,Guitar,9
119,Guitar,8
0,Guitar,5
3,Guitar,1
48,Guitar,3
0,Guitar,6
4,Guitar,1
1,Guitar,9
3,Guitar,8
3,Guitar,1
1,Guitar_Noisy,4
3,Guitar,7
0,Guitar,6
3,Guitar,2
2,Guitar,5
0,Guitar,7
0,Guitar,2
2,Guitar_Noisy,9
2,Guitar,1
124,Guitar,8
0,Guitar,7
2,Guitar,7
2,Guitar,9
2,Guitar,5
0,Guitar,9
2,Guitar,2
2,Guitar,8
3,Guitar,6
1,Guitar,2
0,Guitar,7
1,Guitar,8
0,Guitar,7
114,Guitar,3
1,Guitar,2
1,Guitar,1
0,Guitar,7
1,Guitar,7
0,Guitar,2
1,Guitar,8
3,Guitar,1
106,Guitar,3
2,Guitar,1
2,Guitar_Noisy,7
0,Guitar,6
5,Guitar,7
1,Guitar,7
0,Guitar,4
4,Guitar,4
3,Guitar,7
2,Guitar,2
2,Guitar,9
4,Guitar,3
1,Guitar,3
2,Guitar,1
0,Guitar,1
2,Guitar,9
1,Guitar,1
4,Guitar,9
0,Guitar,1
0,Guitar,4
4,Guitar,5
0,Guitar,1
5,Guitar,4
70,Guitar,3
1,Guitar,4
2,Guitar,5
131,Guitar,8
1,Guitar,1
2,Guitar,1
143,Guitar,3
0,Guitar,6
1,Guitar,8
0,Guitar,2
2,Guitar,5
1,Guitar,8
0,Guitar,1
4,Guitar,7
2,Guitar,4
3,Guitar,4
1,Guitar,1
127,Guitar,8
0,Guitar,6
143,Guitar,8
2,Guitar,6
5,Guitar,3
0,Guitar,4
3,Guitar,1
2,Guitar,3
3,Guitar,9
1,Guitar_Noisy,3
4,Guitar,9
1,Guitar_Noisy,0
3,Guitar,0
2,Guitar_Noisy,1
2,Guitar,5
0,Guitar,1
2,Guitar,9
3,Guitar,9
1,Guitar,2
141,Guitar,8
4,Guitar,9
1,Guitar,1
4,Guitar,5
1,Guitar,0
2,Guitar_Noisy,7
0,Guitar,4
2,Guitar,1
4,Guitar,7
2,Guitar,9
2,Guitar,6
1,Guitar_Noisy,9
4,Guitar,3
1,Guitar,7
0,Guitar,3
0,Guitar,8
2,Guitar,8
1,Guitar,9
2,Guitar,3
6,Guitar,6
2,Guitar,1
3,Guitar,7
2,Guitar,3
2,Guitar,7
0,Guitar,7
81,Guitar,3
3,Guitar,8
3,Guitar,9
2,Guitar,1
1,Guitar,7
2,Guitar,2
5,Guitar,9
0,Guitar,1
3,Guitar,1
1,Guitar,0
3,Guitar,7
3,Guitar,8
0,Guitar,0
3,Guitar,6
3,Guitar,3
3,Guitar,9
0,Guitar,0
2,Guitar,5
1,Guitar,4
2,Guitar_Noisy,3
138,Guitar,8
2,Guitar,8
0,Guitar,4
3,Guitar,7
1,Guitar_Noisy,6
1,Guitar,6
1,Guitar,2
1,Guitar,3
59,Guitar,8
79,Guitar,3
3,Guitar,1
1,Guitar,1
1,Guitar,5
1,Guitar,1
1,Guitar,3
4,Guitar,3
49,Guitar,8
1,Guitar,0
3,Guitar,7
4,Guitar,1
2,Guitar,8
4,Guitar,3
1,Guitar,0
0,Guitar,1
2,Guitar,6
4,Guitar,4
2,Guitar_Noisy,0
0,Guitar,9
1,Guitar,4
4,Guitar,9
4,Guitar,0
1,Guitar,1
0,Guitar,5
0,Guitar,0
4,Guitar,1
3,Guitar,7
1,Guitar,6
1,Guitar,9
78,Guitar,3
1,Guitar,5
7,Guitar,6
2,Guitar,6
2,Guitar,0
4,Guitar,1
2,Guitar,5
2,Guitar,2
2,Guitar,0
0,Guitar,7
0,Guitar,3
2,Guitar,4
3,Guitar,4
4,Guitar,7
0,Guitar,6
3,Guitar,9
0,Guitar,7
2,Guitar,6
3,Guitar,9
48,Guitar,8
0,Guitar,3
1,Guitar,1
0,Guitar,8
3,Guitar,6
0,Guitar,0
1,Guitar,8
0,Guitar,2
4,Guitar,6
4,Guitar,1
4,Guitar,0
3,Guitar,2
1,Guitar,1
0,Guitar,4
3,Guitar,1
1,Guitar_Noisy,9
1,Guitar,9
2,Guitar,8
3,Guitar,9
0,Guitar,9
0,Guitar,7
4,Guitar,7
0,Guitar,8
0,Guitar,1
0,Guitar,3
1,Guitar,5
4,Guitar,6
3,Guitar,7
0,Guitar,5
2,Guitar,7
4,Guitar,1
1,Guitar,6
2,Guitar,2
4,Guitar,8
1,Guitar,8
0,Guitar,0
4,Guitar,9
0,Guitar,6
3,Guitar,2
0,Guitar,5
2,Guitar,5
3,Guitar,4
167,Guitar,3
0,Guitar,2
3,Guitar,9
2,Guitar,2
5,Guitar,4
1,Guitar,1
1,Guitar,6
166,Guitar,3
4,Guitar,2
1,Guitar,1
0,Guitar,5
0,Guitar,4
0,Guitar,6
0,Guitar,3
2,Guitar,8
4,Guitar,9
1,Guitar,3
2,Guitar,4
1,Guitar,7
0,Guitar,0
1,Guitar,6
3,Guitar,4
1,Guitar,6
2,Guitar_Noisy,3
0,Guitar,3
2,Guitar,3
3,Guitar,0
0,Guitar,6
1,Guitar,2
0,Guitar,2
1,Guitar,2
2,Guitar,2
2,Guitar,5
4,Guitar,0
1,Guitar,6
4,Guitar,3
1,Guitar,4
2,Guitar,1
3,Guitar,8
3,Guitar,3
1,Guitar,5
3,Guitar,7
4,Guitar,8
2,Guitar,7
1,Guitar,3
0,Guitar,0
1,Guitar,0
3,Guitar,6
3,Guitar,7
3,Guitar,3
0,Guitar_Noisy,4
3,Guitar,3
2,Guitar,8
3,Guitar,2
1,Guitar,1
3,Guitar,0
4,Guitar,1
3,Guitar,8
2,Guitar,7
2,Guitar,7
1,Guitar,7
2,Guitar_Noisy,7
37,Guitar,3
0,Guitar,9
4,Guitar,0
1,Guitar,3
4,Guitar,3
0,Guitar,8
3,Guitar,6
3,Guitar,0
1,Guitar,4
3,Guitar,0
1,Guitar,3
2,Guitar,4
130,Guitar,3
2,Guitar,9
3,Guitar,1
0,Guitar,2
2,Guitar,2
0,Guitar,3
4,Guitar,9
1,Guitar,0
1,Guitar,7
1,Guitar,4
4,Guitar,0
101,Guitar,8
4,Guitar,0
0,Guitar,8
80,Guitar,8
0,Guitar,4
4,Guitar,6
2,Guitar,8
0,Guitar,8
1,Guitar,4
138,Guitar,3
3,Guitar,2
0,Guitar,4
2,Guitar,6
144,Guitar,3
1,Guitar,1
1,Guitar,2
2,Guitar,6
1,Guitar,4
4,Guitar,3
0,Guitar,7
1,Guitar,9
1,Guitar,8
4,Guitar,9
2,Guitar,0
3,Guitar,0
4,Guitar,5
4,Guitar,3
2,Guitar,7
1,Guitar,7
0,Guitar,2
0,Guitar,1
2,Guitar,4
2,Guitar,9
0,Guitar,3
2,Guitar,6
3,Guitar,8
1,Guitar,7
2,Guitar,5
4,Guitar,6
1,Guitar,8
0,Guitar,3
0,Guitar,1
4,Guitar,4
2,Guitar,5
3,Guitar,7
5,Guitar,5
2,Guitar,9
0,Guitar,1
2,Guitar,8
1,Guitar,5
1,Guitar,7
4,Guitar,7
1,Guitar,3
4,Guitar,2
2,Guitar,3
2,Guitar,2
101,Guitar,3
3,Guitar,5
75,Guitar,8
0,Guitar,1
0,Guitar,4
132,Guitar,8
3,Guitar,2
2,Guitar,4
5,Guitar,7
1,Guitar,7
2,Guitar,8
0,Guitar,8
4,Guitar,7
3,Guitar,2
4,Guitar,1
2,Guitar,3
1,Guitar,1
81,Guitar,3
1,Guitar,6
1,Guitar,4
1,Guitar,2
0,Guitar,6
0,Guitar,4
2,Guitar,1
1,Guitar_Noisy,6
3,Guitar,3
3,Guitar,9
2,Guitar,6
3,Guitar,0
1,Guitar,3
125,Guitar,3
2,Guitar,8
0,Guitar,7
3,Guitar,0
4,Guitar,2
0,Guitar,5
0,Guitar,6
0,Guitar,7
0,Guitar,9
4,Guitar,1
1,Guitar,6
4,Guitar,3
0,Guitar,7
3,Guitar,3
2,Guitar,3
4,Guitar,4
0,Guitar,5
1,Guitar,0
0,Guitar,4
0,Guitar,6
2,Guitar,5
1,Guitar,6
3,Guitar,5
2,Guitar,4
0,Guitar,0
3,Guitar,4
1,Guitar,9
2,Guitar,5
3,Guitar,8
3,Guitar,6
4,Guitar,8
4,Guitar,3
1,Guitar_Noisy,8
3,Guitar,3
2,Guitar,5
5,Guitar,1
4,Guitar,9
4,Guitar,0
0,Guitar,1
4,Guitar,8
3,Guitar,3
2,Guitar,1
87,Guitar,3
0,Guitar,6
125,Guitar,8
2,Guitar,1
76,Guitar,3
2,Guitar,3
3,Guitar,6
3,Guitar,5
0,Guitar_Noisy,1
1,Guitar,2
4,Guitar,4
78,Guitar,3
3,Guitar,4
2,Guitar,8
0,Guitar,5
5,Guitar,6
4,Guitar,9
0,Guitar,7
2,Guitar,7
0,Guitar,7
5,Guitar,3
2,Guitar,9
125,Guitar,8
1,Guitar,4
1,Guitar,3
3,Guitar,1
3,Guitar,3
1,Guitar,9
1,Guitar,4
1,Guitar,4
1,Guitar,5
2,Guitar,9
3,Guitar,6
0,Guitar,6
4,Guitar,5
3,Guitar,9
1,Guitar,8
2,Guitar,4
2,Guitar,0
0,Guitar,7
0,Guitar,4
0,Guitar,8
2,Guitar,9
1,Guitar_Noisy,8
0,Guitar,4
88,Guitar,8
4,Guitar,0
5,Guitar,6
2,Guitar,7
1,Guitar,2
4,Guitar,2
2,Guitar,0
4,Guitar,6
3,Guitar,0
2,Guitar,3
3,Guitar,3
4,Guitar,8
0,Guitar,4
2,Guitar,4
3,Guitar,0
1,Guitar,1
3,Guitar,6
0,Guitar,4
1,Guitar,4
1,Guitar,9
1,Guitar,2
2,Guitar,0
1,Guitar,5
1,Guitar,7
4,Guitar,3
0,Guitar,9
44,Guitar,8
1,Guitar,0
6,Guitar,3
1,Guitar,3
2,Guitar,7
6,Guitar,9
64,Guitar,8
3,Guitar,1
0,Guitar,0
2,Guitar,8
3,Guitar,3
4,Guitar,1
1,Guitar,2
1,Guitar,1
3,Guitar,3
0,Guitar,4
4,Guitar,6
1,Guitar,1
3,Guitar,7
1,Guitar,7
0,Guitar,8
3,Guitar,8
3,Guitar,5
4,Guitar,8
2,Guitar,3
44,Guitar,3
0,Guitar,5
1,Guitar_Noisy,5
1,Guitar,4
0,Guitar,5
1,Guitar,9
2,Guitar_Noisy,6
0,Guitar,8
1,Guitar,3
4,Guitar,2
1,Guitar,4
2,Guitar,7
1,Guitar,4
4,Guitar,2
4,Guitar,2
2,Guitar_Noisy,9
3,Guitar,4
3,Guitar,8
3,Guitar,1
3,Guitar,5
0,Guitar,4
0,Guitar,6
3,Guitar,2
2,Guitar,2
7,Guitar,6
1,Guitar,8
1,Guitar_Noisy,2
1,Guitar,6
31,Guitar,3
1,Guitar,5
2,Guitar,1
135,Guitar,3
0,Guitar,5
6,Guitar,1
2,Guitar,6
7,Guitar,6
62,Guitar,8
2,Guitar,9
2,Guitar,3
2,Guitar,2
105,Guitar,8
120,Guitar,8
1,Guitar,6
4,Guitar,8
0,Guitar,1
1,Guitar,6
2,Guitar,7
2,Guitar,4
1,Guitar,2
4,Guitar,8
0,Guitar,6
4,Guitar,2
4,Guitar,1
0,Guitar,3
0,Guitar,7
1,Guitar,0
4,Guitar,2
1,Guitar,4
58,Guitar,3
2,Guitar,6
3,Guitar,8
3,Guitar,0
0,Guitar,6
2,Guitar,1
2,Guitar,3
0,Guitar,9
2,Guitar,5
4,Guitar,0
2,Guitar,9
0,Guitar,1
0,Guitar,8
1,Guitar,6
3,Guitar,5
5,Guitar,4
0,Guitar,1
4,Guitar,4
0,Guitar,8
3,Guitar,7
1,Guitar,7
4,Guitar,5
1,Guitar,8
0,Guitar,9
0,Guitar,7
2,Guitar,8
3,Guitar,9
3,Guitar,6
1,Guitar,8
3,Guitar,3
2,Guitar,4
1,Guitar,9
3,Guitar,9
3,Guitar,1
1,Guitar,3
2,Guitar,4
1,Guitar,2
69,Guitar,8
4,Guitar,6
1,Guitar,2
0,Guitar,8
1,Guitar,2
0,Guitar,1
3,Guitar,4
150,Guitar,3
3,Guitar,9
0,Guitar,3
2,Guitar,7
2,Guitar,9
3,Guitar,7
0,Guitar,1
2,Guitar,1
4,Guitar,9
3,Guitar,4
1,Guitar,7
0,Guitar,4
3,Guitar,6
1,Guitar,5
4,Guitar,4
3,Guitar,6
0,Guitar,1
0,Guitar,8
4,Guitar,7
1,Guitar,8
2,Guitar,0
3,Guitar,0
2,Guitar,9
139,Guitar,8
3,Guitar,4
4,Guitar,7
2,Guitar,5
1,Guitar,4
2,Guitar,8
3,Guitar,0
3,Guitar,9
3,Guitar,6
1,Guitar_Noisy,6
0,Guitar,3
1,Guitar,5
3,Guitar,4
1,Guitar_Noisy,7
1,Guitar,4
1,Guitar,7
3,Guitar,7
1,Guitar,6
2,Guitar,7
1,Guitar,1
2,Guitar,9
2,Guitar,1
3,Guitar,3
4,Guitar,7
2,Guitar,8
0,Guitar,0
0,Guitar,6
2,Guitar,8
0,Guitar,7
1,Guitar,0
0,Guitar,6
1,Guitar,5
3,Guitar,4
2,Guitar,9
0,Guitar,7
4,Guitar,3
3,Guitar,4
1,Guitar,6
4,Guitar,5
0,Guitar,0
0,Guitar,9
2,Guitar,8
1,Guitar_Noisy,6
76,Guitar,8
3,Guitar,6
4,Guitar,6
4,Guitar,2
2,Guitar,1
4,Guitar,3
1,Guitar,7
5,Guitar,1
2,Guitar,2
2,Guitar,7
1,Guitar,3
1,Guitar,4
3,Guitar,6
0,Guitar,2
3,Guitar,2
7,Guitar,3
2,Guitar,5
0,Guitar,0
3,Guitar,1
3,Guitar,5
2,Guitar,2
4,Guitar,6
1,Guitar,2
43,Guitar,8
1,Guitar,5
2,Guitar,9
0,Guitar,8
1,Guitar,5
2,Guitar,5
4,Guitar,6
1,Guitar,4
3,Guitar,0
1,Guitar_Noisy,7
0,Guitar,7
5,Guitar,6
3,Guitar,1
0,Guitar,2
2,Guitar,2
2,Guitar,8
4,Guitar,2
1,Guitar,6
2,Guitar,0
5,Guitar,9
1,Guitar,8
3,Guitar,2
92,Guitar,8
0,Guitar,1
3,Guitar,9
2,Guitar_Noisy,2
2,Guitar,4
6,Guitar,6
2,Guitar,4
3,Guitar,9
2,Guitar,2
2,Guitar,3
1,Guitar,9
1,Guitar,9
1,Guitar,9
2,Guitar,3
2,Guitar,4
1,Guitar_Noisy,0
4,Guitar,0
0,Guitar,7
3,Guitar,2
3,Guitar,9
3,Guitar,0
2,Guitar,7
4,Guitar,7
0,Guitar,6
3,Guitar,4
3,Guitar,0
1,Guitar,8
0,Guitar,8
3,Guitar,4
0,Guitar,3
2,Guitar,9
1,Guitar,0
4,Guitar,1
0,Guitar,1
3,Guitar,3
2,Guitar,3
2,Guitar,6
4,Guitar,1
3,Guitar,9
0,Guitar,8
4,Guitar,0
1,Guitar,2
1,Guitar,2
2,Guitar,0
4,Guitar,7
4,Guitar,4
5,Guitar,6
4,Guitar,3
3,Guitar,3
2,Guitar_Noisy,7
1,Guitar,2
1,Guitar,7
3,Guitar,8
1,Guitar,6
1,Guitar,1
1,Guitar,5
3,Guitar,7
0,Guitar,7
0,Guitar,6
1,Guitar,1
1,Guitar,7
1,Guitar,8
0,Guitar,1
23,Guitar,8
4,Guitar,4
0,Guitar,7
1,Guitar,0
4,Guitar,1
4,Guitar,0
0,Guitar,9
4,Guitar,3
3,Guitar,7
2,Guitar,1
4,Guitar,6
2,Guitar,1
0,Guitar,3
1,Guitar,2
3,Guitar,8
3,Guitar,0
0,Guitar,5
2,Guitar,4
3,Guitar,0
0,Guitar,6
80,Guitar,8
0,Guitar_Noisy,9
4,Guitar,0
4,Guitar,3
3,Guitar,3
1,Guitar,2
6,Guitar,6
1,Guitar,8
3,Guitar,4
1,Guitar,0
3,Guitar,9
1,Guitar,9
7,Guitar,3
1,Guitar,4
1,Guitar,3
0,Guitar,2
2,Guitar_Noisy,5
0,Guitar,5
2,Guitar_Noisy,8
4,Guitar,7
2,Guitar,2
2,Guitar,8
2,Guitar,3
3,Guitar,4
142,Guitar,3
0,Guitar,3
3,Guitar,0
2,Guitar,5
0,Guitar,6
3,Guitar,0
0,Guitar,5
1,Guitar,5
0,Guitar,3
4,Guitar,1
2,Guitar,1
3,Guitar,8
0,Guitar,4
7,Guitar,6
1,Guitar,1
1,Guitar_Noisy,2
3,Guitar,5
2,Guitar,1
82,Guitar,8
89,Guitar,8
0,Guitar,6
5,Guitar,6
1,Guitar,0
68,Guitar,3
1,Guitar,5
1,Guitar,3
1,Guitar,0
1,Guitar,7
0,Guitar,5
4,Guitar,9
26,Guitar,3
0,Guitar,2
4,Guitar,9
4,Guitar,9
1,Guitar,8
1,Guitar,0
31,Guitar,8
4,Guitar,5
3,Guitar,3
2,Guitar,9
1,Guitar,6
1,Guitar,5
1,Guitar,3
2,Guitar,2
0,Guitar,8
4,Guitar,2
5,Guitar,9
20,Guitar,8
4,Guitar,4
4,Guitar,7
1,Guitar,4
2,Guitar,2
3,Guitar,8
1,Guitar,4
1,Guitar,4
1,Guitar,0
1,Guitar,5
1,Guitar,6
77,Guitar,8
69,Guitar,3
1,Guitar,6
102,Guitar,3
1,Guitar,7
173,Guitar,3
0,Guitar,9
3,Guitar,3
2,Guitar,5
4,Guitar,4
2,Guitar,7
1,Guitar,6
0,Guitar,0
3,Guitar,5
1,Guitar,0
0,Guitar,5
4,Guitar,2
1,Guitar,0
2,Guitar,3
4,Guitar,7
0,Guitar,8
0,Guitar,5
4,Guitar,3
2,Guitar,6
3,Guitar,7
2,Guitar,2
3,Guitar,8
0,Guitar,9
2,Guitar,6
6,Guitar,1
2,Guitar,1
4,Guitar,1
2,Guitar,9
3,Guitar,6
2,Guitar,1
2,Guitar,6
0,Guitar,8
0,Guitar,8
4,Guitar,1
2,Guitar,5
3,Guitar,6
2,Guitar_Noisy,9
3,Guitar,7
2,Guitar,1
2,Guitar,2
0,Guitar,9
3,Guitar,2
0,Guitar,1
2,Guitar,1
2,Guitar,2
2,Guitar_Noisy,1
3,Guitar,2
2,Guitar,7
0,Guitar,7
22,Guitar,8
2,Guitar,0
4,Guitar,5
3,Guitar,8
4,Guitar,3
3,Guitar,6
2,Guitar,5
6,Guitar,1
0,Guitar,5
49,Guitar,3
3,Guitar,0
2,Guitar,4
1,Guitar,7
3,Guitar,9
0,Guitar,7
4,Guitar,1
1,Guitar,6
17,Guitar,3
3,Guitar,2
4,Guitar,9
2,Guitar,7
2,Guitar,9
0,Guitar,7
90,Guitar,8
0,Guitar,8
5,Guitar,6
5,Guitar,3
2,Guitar,4
4,Guitar,7
2,Guitar,0
3,Guitar,1
2,Guitar,8
0,Guitar,8
0,Guitar,5
1,Guitar,2
0,Guitar,2
1,Guitar,2
3,Guitar,5
1,Guitar,8
2,Guitar,1
2,Guitar,0
1,Guitar,1
0,Guitar,0
1,Guitar_Noisy,6
3,Guitar,9
1,Guitar,2
2,Guitar,5
3,Guitar,3
3,Guitar,7
1,Guitar,1
0,Guitar,8
0,Guitar,6
1,Guitar,8
1,Guitar,9
1,Guitar,8
3,Guitar,7
0,Guitar,6
0,Guitar_Noisy,5
2,Guitar,6
0,Guitar,0
2,Guitar,6
1,Guitar,7
0,Guitar,4
3,Guitar,9
3,Guitar,9
3,Guitar,7
2,Guitar,5
4,Guitar,2
129,Guitar,8
0,Guitar,8
1,Guitar,3
3,Guitar,3
107,Guitar,3
1,Guitar,2
3,Guitar,1
1,Guitar,4
0,Guitar,0
2,Guitar,2
1,Guitar,0
4,Guitar,7
0,Guitar,2
1,Guitar,3
2,Guitar,7
2,Guitar,8
3,Guitar,7
0,Guitar,2
1,Guitar,2
16,Guitar,8
0,Guitar,3
167,Guitar,3
6,Guitar,6
2,Guitar,6
0,Guitar,9
0,Guitar,3
111,Guitar,3
2,Guitar,6
3,Guitar,0
1,Guitar,2
1,Guitar,0
0,Guitar,2
0,Guitar,0
2,Guitar,9
1,Guitar,1
3,Guitar,5
2,Guitar,8
2,Guitar,2
2,Guitar,8
0,Guitar,2
0,Guitar,6
3,Guitar,8
1,Guitar,8
0,Guitar,9
1,Guitar,9
3,Guitar,4
2,Guitar,2
0,Guitar_Noisy,8
3,Guitar,5
1,Guitar,6
0,Guitar,3
5,Guitar,4
0,Guitar,9
1,Guitar,8
3,Guitar,3
2,Guitar,5
0,Guitar,4
2,Guitar,5
0,Guitar,2
2,Guitar,4
6,Guitar,6
3,Guitar,2
7,Guitar,9
0,Guitar,8
157,Guitar,3
3,Guitar,9
0,Guitar,6
3,Guitar,8
2,Guitar,3
1,Guitar,8
3,Guitar,7
1,Guitar,1
0,Guitar,0
1,Guitar,7
3,Guitar,8
2,Guitar,7
4,Guitar,4
1,Guitar,5
3,Guitar,9
0,Guitar,3
1,Guitar,6
0,Guitar,9
4,Guitar,6
4,Guitar,9
1,Guitar,3
2,Guitar,8
6,Guitar,6
1,Guitar_Noisy,6
4,Guitar,4
4,Guitar,4
2,Guitar,9
0,Guitar,3
1,Guitar,3
2,Guitar,0
4,Guitar,9
2,Guitar_Noisy,1
4,Guitar,3
0,Guitar,2
2,Guitar,7
1,Guitar,4
4,Guitar,9
6,Guitar,9
3,Guitar,8
2,Guitar,2
2,Guitar,4
170,Guitar,3
3,Guitar,9
3,Guitar,0
0,Guitar,9
4,Guitar,4
4,Guitar,4
67,Guitar,3
82,Guitar,3
1,Guitar,7
2,Guitar,1
1,Guitar_Noisy,3
0,Guitar,5
2,Guitar,5
1,Guitar,3
6,Guitar,6
3,Guitar,2
0,Guitar,2
0,Guitar,4
0,Guitar,6
1,Guitar,6
3,Guitar,1
2,Guitar,2
144,Guitar,8
1,Guitar,0
7,Guitar,6
136,Guitar,3
3,Guitar,1
115,Guitar,8
2,Guitar,0
148,Guitar,8
0,Guitar,5
2,Guitar,7
2,Guitar,8
3,Guitar,4
153,Guitar,3
4,Guitar,8
3,Guitar,6
1,Guitar,3
2,Guitar,2
1,Guitar,4
60,Guitar,8
3,Guitar,7
2,Guitar,4
0,Guitar,5
3,Guitar,8
0,Guitar,0
165,Guitar,3
2,Guitar,2
3,Guitar,6
0,Guitar,5
3,Guitar,4
1,Guitar,7
0,Guitar,8
2,Guitar,4
0,Guitar,0
2,Guitar,4
3,Guitar,5
1,Guitar,2
3,Guitar,3
4,Guitar,5
3,Guitar,2
2,Guitar,9
1,Guitar,1
3,Guitar,5
2,Guitar,3
2,Guitar,8
1,Guitar,9
1,Guitar,5
0,Guitar,2
3,Guitar,9
1,Guitar,6
4,Guitar,4
1,Guitar,7
3,Guitar,7
1,Guitar,8
51,Guitar,3
3,Guitar,4
1,Guitar,0
0,Guitar,3
0,Guitar,0
1,Guitar,8
3,Guitar,1
2,Guitar,2
1,Guitar,2
3,Guitar,3
1,Guitar,7
3,Guitar,3
1,Guitar_Noisy,6
3,Guitar,1
2,Guitar,9
0,Guitar,4
2,Guitar,1
1,Guitar,6
4,Guitar,4
0,Guitar,9
1,Guitar,6
3,Guitar,9
3,Guitar,9
0,Guitar,9
2,Guitar,9
2,Guitar_Noisy,3
5,Guitar,1
0,Guitar,6
0,Guitar,3
0,Guitar,5
3,Guitar,0
0,Guitar,7
1,Guitar,0
0,Guitar,8
1,Guitar,3
2,Guitar,6
1,Guitar,8
2,Guitar_Noisy,8
111,Guitar,8
1,Guitar,7
0,Guitar,3
3,Guitar,4
2,Guitar,5
2,Guitar,7
1,Guitar,9
2,Guitar,0
3,Guitar,1
2,Guitar,2
0,Guitar,2
2,Guitar,2
3,Guitar,4
2,Guitar,5
2,Guitar,8
0,Guitar,3
4,Guitar,6
0,Guitar,6
0,Guitar,3
3,Guitar,7
4,Guitar,9
0,Guitar,1
5,Guitar,9
0,Guitar,3
0,Guitar,5
3,Guitar,4
3,Guitar,3
2,Guitar,0
3,Guitar,1
0,Guitar,4
2,Guitar,8
1,Guitar,1
1,Guitar,5
0,Guitar,5
3,Guitar,6
96,Guitar,8
6,Guitar,6
3,Guitar,2
2,Guitar_Noisy,5
3,Guitar,2
1,Guitar,7
2,Guitar,6
0,Guitar,6
3,Guitar,2
3,Guitar,5
147,Guitar,3
2,Guitar,4
0,Guitar,0
1,Guitar,4
5,Guitar,6
2,Guitar,3
2,Guitar,1
2,Guitar,4
1,Guitar,5
1,Guitar,9
6,Guitar,3
3,Guitar,1
1,Guitar,7
3,Guitar,3
0,Guitar,1
6,Guitar,6
4,Guitar,6
2,Guitar,0
1,Guitar,7
0,Guitar,4
1,Guitar,5
3,Guitar,1
3,Guitar,0
2,Guitar,3
1,Guitar,7
1,Guitar,5
2,Guitar,8
3,Guitar,3
5,Guitar,1
2,Guitar,0
2,Guitar,0
0,Guitar,3
2,Guitar,5
41,Guitar,3
1,Guitar,4
39,Guitar,3
0,Guitar_Noisy,7
0,Guitar,9
1,Guitar_Noisy,9
149,Guitar,3
0,Guitar,8
3,Guitar,5
3,Guitar,9
2,Guitar,8
4,Guitar,5
0,Guitar,1
4,Guitar,4
4,Guitar,2
2,Guitar,0
1,Guitar,6
2,Guitar,9
3,Guitar_Noisy,8
2,Guitar,9
6,Guitar,6
3,Guitar,1
3,Guitar,3
1,Guitar,8
4,Guitar,6
1,Guitar,2
2,Guitar,1
2,Guitar,9
4,Guitar,5
2,Guitar,3
2,Guitar,1
3,Guitar,7
16,Guitar,3
4,Guitar,3
4,Guitar,8
4,Guitar,7
4,Guitar,5
2,Guitar,7
1,Guitar,9
2,Guitar,5
136,Guitar,8
1,Guitar,0
3,Guitar,6
4,Guitar,6
125,Guitar,3
0,Guitar,9
4,Guitar,9
4,Guitar,6
2,Guitar,3
2,Guitar,6
4,Guitar,3
0,Guitar,0
0,Guitar,0
0,Guitar,8
40,Guitar,3
1,Guitar,3
2,Guitar,6
1,Guitar,2
3,Guitar,1
3,Guitar,1
3,Guitar,6
3,Guitar,6
1,Guitar,7
4,Guitar,4
3,Guitar,4
1,Guitar,1
4,Guitar,3
1,Guitar,0
4,Guitar,6
1,Guitar,7
2,Guitar_Noisy,9
3,Guitar,6
3,Guitar,3
3,Guitar,9
0,Guitar,0
1,Guitar,8
2,Guitar,5
4,Guitar,7
0,Guitar,1
1,Guitar,8
2,Guitar,5
5,Guitar,3
3,Guitar,5
1,Guitar,9
2,Guitar,5
3,Guitar,5
0,Guitar,1
1,Guitar,5
4,Guitar,1
3,Guitar,7
1,Guitar,9
2,Guitar,4
0,Guitar,1
1,Guitar,2
1,Guitar,7
3,Guitar,1
2,Guitar,5
0,Guitar,3
1,Guitar,6
0,Guitar,9
2,Guitar,3
3,Guitar,5
1,Guitar,9
4,Guitar,6
1,Guitar,6
3,Guitar,5
1,Guitar,9
3,Guitar,1
2,Guitar,4
0,Guitar,3
1,Guitar,8
2,Guitar,9
2,Guitar,2
124,Guitar,3
1,Guitar,9
4,Guitar,8
4,Guitar,0
3,Guitar,4
2,Guitar,2
1,Guitar,3
1,Guitar,1
1,Guitar,6
105,Guitar,8
1,Guitar_Noisy,0
3,Guitar,6
1,Guitar,5
2,Guitar,2
3,Guitar,1
2,Guitar_Noisy,9
0,Guitar,8
3,Guitar,0
106,Guitar,8
3,Guitar,0
0,Guitar,4
2,Guitar,4
1,Guitar,6
1,Guitar,5
102,Guitar,3
3,Guitar,5
3,Guitar,5
0,Guitar,3
0,Guitar,8
3,Guitar,8
4,Guitar,1
0,Guitar,3
4,Guitar,5
0,Guitar,6
3,Guitar,9
5,Guitar,6
3,Guitar,0
0,Guitar,9
0,Guitar,1
3,Guitar,4
153,Guitar,3
2,Guitar,9
5,Guitar,3
2,Guitar,0
0,Guitar,5
1,Guitar,1
0,Guitar,4
0,Guitar,0
4,Guitar,3
1,Guitar,5
2,Guitar,5
3,Guitar,7
5,Guitar,4
1,Guitar,2
1,Guitar,0
1,Guitar,7
1,Guitar,3
1,Guitar,0
2,Guitar,5
2,Guitar,8
2,Guitar,9
1,Guitar,9
0,Guitar,2
0,Guitar,9
1,Guitar,0
1,Guitar,8
1,Guitar,1
4,Guitar,0
3,Guitar,9
2,Guitar,6
22,Guitar,3
2,Guitar,6
0,Guitar,2
3,Guitar,5
3,Guitar,7
0,Guitar_Noisy,6
2,Guitar,4
1,Guitar,8
1,Guitar,0
2,Guitar,8
1,Guitar,7
2,Guitar,6
0,Guitar,2
0,Guitar,0
0,Guitar,0
0,Guitar,7
6,Guitar,9
1,Guitar,9
4,Guitar,1
0,Guitar,7
3,Guitar,2
2,Guitar,5
2,Guitar,7
0,Guitar,7
2,Guitar,4
2,Guitar,3
0,Guitar,8
3,Guitar,0
2,Guitar,6
0,Guitar,5
2,Guitar,1
1,Guitar,0
0,Guitar,7
0,Guitar,5
1,Guitar,8
1,Guitar,1
0,Guitar,3
5,Guitar,4
5,Guitar,7
5,Guitar,9
2,Guitar,3
1,Guitar,2
3,Guitar,1
4,Guitar,3
3,Guitar,2
1,Guitar,5
3,Guitar,7
1,Guitar,5
2,Guitar,6
0,Guitar,6
0,Guitar,0
3,Guitar,8
0,Guitar,4
4,Guitar,1
3,Guitar,4
3,Guitar,7
2,Guitar,0
2,Guitar,1
0,Guitar,2
2,Guitar,7
4,Guitar,7
0,Guitar,6
2,Guitar,4
3,Guitar,0
4,Guitar,7
3,Guitar,4
3,Guitar,2
1,Guitar,2
0,Guitar,6
1,Guitar_Noisy,1
2,Guitar,8
5,Guitar,9
0,Guitar,6
1,Guitar,4
3,Guitar,1
3,Guitar,7
1,Guitar,2
2,Guitar,5
4,Guitar,5
1,Guitar,7
0,Guitar,9
2,Guitar,6
3,Guitar,6
1,Guitar,8
0,Guitar,8
1,Guitar,3
1,Guitar,4
1,Guitar,5
3,Guitar,4
1,Guitar,7
3,Guitar,4
2,Guitar,9
7,Guitar,8
3,Guitar,9
1,Guitar,5
4,Guitar,1
2,Guitar,9
17,Guitar,8
1,Guitar,1
0,Guitar,5
0,Guitar,3
4,Guitar,6
6,Guitar,6
1,Guitar,3
2,Guitar,4
1,Guitar,9
1,Guitar,3
2,Guitar,4
3,Guitar,2
1,Guitar,6
4,Guitar,5
0,Guitar,0
1,Guitar,4
1,Guitar,8
4,Guitar,7
0,Guitar,4
0,Guitar,0
3,Guitar,4
0,Guitar_Noisy,4
4,Guitar,1
2,Guitar,4
3,Guitar_Noisy,3
4,Guitar,6
3,Guitar,1
1,Guitar_Noisy,5
73,Guitar,3
6,Guitar,3
2,Guitar,9
29,Guitar,8
1,Guitar,1
2,Guitar,2
0,Guitar,3
3,Guitar,7
2,Guitar,2
0,Guitar,1
0,Guitar,4
6,Guitar,3
4,Guitar,3
0,Guitar,8
2,Guitar,6
0,Guitar,4
0,Guitar,7
2,Guitar,1
72,Guitar,3
4,Guitar,9
72,Guitar,3
1,Guitar,0
1,Guitar,8
2,Guitar,2
0,Guitar,0
4,Guitar,6
2,Guitar,9
1,Guitar,4
0,Guitar,7
0,Guitar,7
3,Guitar,2
4,Guitar,4
0,Guitar,4
1,Guitar,5
4,Guitar,3
1,Guitar,2
4,Guitar,4
3,Guitar,4
4,Guitar,4
3,Guitar,6
3,Guitar,5
0,Guitar,6
115,Guitar,3
4,Guitar,6
1,Guitar,9
2,Guitar,4
3,Guitar,0
4,Guitar,9
0,Guitar,5
1,Guitar,1
2,Guitar,0
3,Guitar,3
2,Guitar,7
0,Guitar,0
4,Guitar,4
3,Guitar,3
3,Guitar,3
2,Guitar,6
0,Guitar_Noisy,2
3,Guitar,9
2,Guitar,9
2,Guitar,6
2,Guitar,0
0,Guitar,6
1,Guitar,5
1,Guitar,0
26,Guitar,8
2,Guitar,9
1,Guitar,4
0,Guitar,5
0,Guitar,2
1,Guitar,9
0,Guitar,0
3,Guitar,0
1,Guitar,6
2,Guitar_Noisy,6
3,Guitar,6
2,Guitar,9
1,Guitar,6
4,Guitar,4
4,Guitar,4
63,Guitar,3
35,Guitar,3
2,Guitar,8
1,Guitar,5
0,Guitar,8
1,Guitar,2
0,Guitar,0
2,Guitar,1
1,Guitar,7
2,Guitar,8
2,Guitar,5
1,Guitar,5
3,Guitar,9
2,Guitar_Noisy,6
26,Guitar,3
4,Guitar,1
2,Guitar,1
133,Guitar,3
4,Guitar,2
1,Guitar,4
4,Guitar,8
3,Guitar,1
0,Guitar,0
42,Guitar,3
1,Guitar,3
0,Guitar,2
4,Guitar,1
0,Guitar,0
0,Guitar,6
1,Guitar_Noisy,4
5,Guitar,6
2,Guitar,8
1,Guitar,6
2,Guitar,5
1,Guitar,5
2,Guitar,8
1,Guitar,8
1,Guitar,7
2,Guitar,9
1,Guitar,5
1,Guitar,9
0,Guitar,0
3,Guitar,3
4,Guitar,9
4,Guitar,0
74,Guitar,3
2,Guitar_Noisy,6
0,Guitar,4
2,Guitar,4
97,Guitar,3
4,Guitar,5
4,Guitar,3
5,Guitar,3
140,Guitar,3
1,Guitar,7
3,Guitar,9
2,Guitar,8
2,Guitar,7
0,Guitar,1
5,Guitar,3
2,Guitar,5
3,Guitar,1
1,Guitar,1
0,Guitar,7
0,Guitar,5
4,Guitar,9
4,Guitar,3
3,Guitar,4
1,Guitar,1
3,Guitar,3
0,Guitar,1
3,Guitar,9
2,Guitar,5
2,Guitar,6
4,Guitar,8
2,Guitar,0
4,Guitar,1
2,Guitar,4
2,Guitar,8
2,Guitar,3
4,Guitar,4
2,Guitar,2
2,Guitar,0
0,Guitar,2
2,Guitar,4
3,Guitar,0
0,Guitar,3
1,Guitar,3
1,Guitar,2
2,Guitar,8
0,Guitar,4
3,Guitar,4
2,Guitar,2
2,Guitar,7
2,Guitar,3
0,Guitar,3
2,Guitar,4
1,Guitar,5
1,Guitar,2
3,Guitar,9
2,Guitar,8
0,Guitar,0
1,Guitar,5
1,Guitar,8
4,Guitar,5
0,Guitar,4
1,Guitar,2
2,Guitar,2
3,Guitar,1
3,Guitar,4
1,Guitar,0
6,Guitar,9
0,Guitar,7
2,Guitar,9
3,Guitar,1
2,Guitar,4
0,Guitar,6
1,Guitar,7
0,Guitar,8
0,Guitar,4
0,Guitar,1
2,Guitar,2
3,Guitar,9
33,Guitar,3
1,Guitar,5
2,Guitar,8
109,Guitar,3
2,Guitar,2
1,Guitar,7
2,Guitar,8
3,Guitar,3
3,Guitar,2
4,Guitar,6
1,Guitar,9
2,Guitar,7
2,Guitar,5
1,Guitar,8
0,Guitar,0
2,Guitar,3
3,Guitar,6
0,Guitar,9
3,Guitar,0
2,Guitar,1
1,Guitar,1
26,Guitar,8
2,Guitar,7
0,Guitar,8
0,Guitar,2
3,Guitar,9
2,Guitar,8
2,Guitar,4
4,Guitar,3
130,Guitar,3
0,Guitar,0
3,Guitar,9
1,Guitar,5
1,Guitar,5
1,Guitar,0
0,Guitar,3
1,Guitar,2
1,Guitar,7
3,Guitar,2
51,Guitar,8
3,Guitar,8
2,Guitar,6
0,Guitar,9
1,Guitar,3
2,Guitar,6
0,Guitar,7
2,Guitar,6
2,Guitar,6
2,Guitar,9
1,Guitar,1
88,Guitar,3
1,Guitar,3
2,Guitar,6
8,Guitar,6
38,Guitar,8
2,Guitar,9
0,Guitar,1
2,Guitar,4
6,Guitar,6
0,Guitar,5
1,Guitar,0
2,Guitar,6
0,Guitar,9
4,Guitar,5
2,Guitar,0
0,Guitar,1
1,Guitar,0
1,Guitar,3
3,Guitar,8
14,Guitar,3
0,Guitar,7
1,Guitar,4
1,Guitar,8
73,Guitar,8
1,Guitar,4
10,Guitar,8
1,Guitar,6
4,Guitar,6
2,Guitar,3
5,Guitar,4
2,Guitar,1
4,Guitar,6
1,Guitar,7
0,Guitar,6
2,Guitar,2
2,Guitar,2
3,Guitar,5
4,Guitar,4
2,Guitar,8
5,Guitar,9
0,Guitar,0
4,Guitar,5
2,Guitar,2
3,Guitar,0
113,Guitar,3
1,Guitar_Noisy,1
3,Guitar,3
2,Guitar,0
1,Guitar,7
3,Guitar,9
2,Guitar,6
0,Guitar,1
0,Guitar,1
0,Guitar,5
0,Guitar,4
4,Guitar,7
0,Guitar,4
3,Guitar,4
4,Guitar,9
0,Guitar,6
3,Guitar,2
0,Guitar,5
0,Guitar,9
0,Guitar,7
1,Guitar,8
1,Guitar,2
3,Guitar,3
82,Guitar,3
1,Guitar,6
4,Guitar,3
2,Guitar,2
164,Guitar,3
4,Guitar,6
0,Guitar,2
0,Guitar,0
2,Guitar,5
0,Guitar,7
0,Guitar,3
3,Guitar,6
36,Guitar,3
2,Guitar,4
2,Guitar,5
2,Guitar,7
2,Guitar,0
1,Guitar,5
1,Guitar,6
123,Guitar,3
3,Guitar,7
0,Guitar,0
4,Guitar,6
2,Guitar,8
0,Guitar,4
3,Guitar,7
1,Guitar,4
1,Guitar_Noisy,2
1,Guitar,9
3,Guitar,7
0,Guitar,3
3,Guitar,6
3,Guitar,7
0,Guitar,0
7,Guitar,6
2,Guitar,7
2,Guitar,1
0,Guitar,6
1,Guitar,4
0,Guitar,4
2,Guitar,0
0,Guitar,3
1,Guitar,7
1,Guitar,3
3,Guitar,5
1,Guitar,3
2,Guitar,0
4,Guitar,1
0,Guitar,2
2,Guitar,8
3,Guitar,7
0,Guitar,5
0,Guitar,4
2,Guitar,6
1,Guitar,5
1,Guitar,6
96,Guitar,8
1,Guitar,0
6,Guitar,6
2,Guitar,2
2,Guitar,6
0,Guitar,8
1,Guitar,2
3,Guitar,9
3,Guitar,4
0,Guitar,4
2,Guitar,9
4,Guitar,0
1,Guitar,1
0,Guitar,4
1,Guitar_Noisy,9
2,Guitar,8
134,Guitar,8
3,Guitar,1
4,Guitar,3
2,Guitar,8
2,Guitar,6
2,Guitar,4
74,Guitar,8
4,Guitar,7
1,Guitar,9
3,Guitar,6
3,Guitar,8
4,Guitar,3
0,Guitar,9
0,Guitar_Noisy,5
3,Guitar,8
4,Guitar,9
0,Guitar,7
1,Guitar,2
0,Guitar,7
0,Guitar_Noisy,6
0,Guitar,4
6,Guitar,9
1,Guitar,4
0,Guitar,9
1,Guitar_Noisy,0
3,Guitar,4
2,Guitar,2
1,Guitar,5
1,Guitar,6
1,Guitar,9
0,Guitar,9
3,Guitar,6
2,Guitar,7
1,Guitar,3
4,Guitar,5
1,Guitar,9
1,Guitar,0
2,Guitar,3
4,Guitar,6
3,Guitar,8
4,Guitar,0
81,Guitar,8
1,Guitar,1
2,Guitar,6
4,Guitar,3
2,Guitar,9
1,Guitar,0
2,Guitar,0
6,Guitar,6
3,Guitar,7
1,Guitar,3
1,Guitar,8
3,Guitar,6
47,Guitar,8
4,Guitar,7
1,Guitar,4
6,Guitar,6
1,Guitar,7
50,Guitar,8
1,Guitar,9
4,Guitar,0
1,Guitar,3
1,Guitar,7
0,Guitar,9
0,Guitar_Noisy,9
3,Guitar,4
2,Guitar,9
3,Guitar,1
0,Guitar,0
3,Guitar,4
0,Guitar,1
3,Guitar,3
3,Guitar,1
4,Guitar,6
1,Guitar,4
2,Guitar,7
1,Guitar,9
2,Guitar,0
2,Guitar,5
129,Guitar,3
3,Guitar,5
1,Guitar,2
1,Guitar,1
1,Guitar,3
1,Guitar,5
1,Guitar,3
1,Guitar,1
0,Guitar,9
3,Guitar,2
0,Guitar,4
2,Guitar,5
0,Guitar,1
1,Guitar,5
3,Guitar,9
1,Guitar,5
4,Guitar,5
2,Guitar,0
3,Guitar,1
0,Guitar,3
0,Guitar,7
5,Guitar,7
0,Guitar,8
2,Guitar,8
3,Guitar,3
1,Guitar_Noisy,6
0,Guitar,8
2,Guitar,5
2,Guitar,5
0,Guitar_Noisy,3
1,Guitar,5
1,Guitar,3
0,Guitar,6
2,Guitar,9
117,Guitar,3
0,Guitar,0
1,Guitar,4
0,Guitar,4
1,Guitar,6
1,Guitar,1
3,Guitar,0
2,Guitar,4
1,Guitar,0
0,Guitar,6
1,Guitar,9
0,Guitar,0
2,Guitar,4
1,Guitar,3
3,Guitar,5
1,Guitar,1
2,Guitar,1
3,Guitar,9
1,Guitar,0
5,Guitar,1
0,Guitar,3
0,Guitar,9
1,Guitar,7
4,Guitar,9
2,Guitar,8
3,Guitar,6
0,Guitar,2
0,Guitar,9
3,Guitar,3
3,Guitar,6
6,Guitar,9
2,Guitar,1
2,Guitar,0
2,Guitar,6
22,Guitar,8
79,Guitar,8
0,Guitar,5
4,Guitar,5
1,Guitar,6
1,Guitar,6
3,Guitar,6
2,Guitar,3
0,Guitar,6
0,Guitar,9
1,Guitar,8
3,Guitar,7
3,Guitar,0
0,Guitar,3
3,Guitar,3
1,Guitar,3
0,Guitar,9
94,Guitar,8
2,Guitar_Noisy,7
2,Guitar,5
0,Guitar_Noisy,3
1,Guitar,0
2,Guitar,1
2,Guitar,9
1,Guitar,1
3,Guitar,8
2,Guitar,4
1,Guitar,4
3,Guitar,5
0,Guitar,6
3,Guitar,8
0,Guitar,8
0,Guitar,7
91,Guitar,3
3,Guitar,9
2,Guitar,1
4,Guitar,3
0,Guitar,9
0,Guitar,3
5,Guitar,9
4,Guitar,6
4,Guitar,4
1,Guitar,2
3,Guitar,7
0,Guitar,3
1,Guitar,1
0,Guitar,5
3,Guitar,9
0,Guitar,4
0,Guitar,5
1,Guitar,6
172,Guitar,3
0,Guitar,7
2,Guitar,2
4,Guitar,4
1,Guitar,7
3,Guitar,5
1,Guitar,0
2,Guitar,4
1,Guitar,1
1,Guitar,4
2,Guitar,0
1,Guitar,6
0,Guitar,9
0,Guitar,4
23,Guitar,3
2,Guitar,1
0,Guitar,1
2,Guitar,5
4,Guitar,6
2,Guitar,4
3,Guitar,3
0,Guitar,7
3,Guitar,7
3,Guitar,4
2,Guitar,1
3,Guitar,4
4,Guitar,6
3,Guitar,0
1,Guitar,0
0,Guitar,7
27,Guitar,3
1,Guitar,8
2,Guitar,9
1,Guitar,3
2,Guitar,3
1,Guitar_Noisy,3
3,Guitar,3
3,Guitar,7
4,Guitar,8
2,Guitar,9
5,Guitar,6
4,Guitar,1
2,Guitar,7
19,Guitar,3
4,Guitar,3
4,Guitar,0
0,Guitar,9
0,Guitar,3
0,Guitar,3
2,Guitar,5
155,Guitar,3
4,Guitar,1
2,Guitar,0
2,Guitar,1
1,Guitar,5
1,Guitar,7
3,Guitar,4
1,Guitar,0
0,Guitar,0
4,Guitar,9
0,Guitar,9
3,Guitar,4
2,Guitar,1
1,Guitar,0
3,Guitar,2
3,Guitar,2
108,Guitar,8
2,Guitar,0
3,Guitar,7
1,Guitar,0
129,Guitar,3
1,Guitar,8
3,Guitar,9
2,Guitar,4
3,Guitar,8
2,Guitar,4
2,Guitar,1
0,Guitar,3
1,Guitar,8
1,Guitar,1
5,Guitar,6
0,Guitar,9
0,Guitar,9
0,Guitar,6
2,Guitar,6
3,Guitar,3
2,Guitar_Noisy,2
4,Guitar,0
2,Guitar,1
5,Guitar,1
2,Guitar,8
4,Guitar,8
0,Guitar,2
0,Guitar,8
1,Guitar,4
1,Guitar,5
0,Guitar,6
2,Guitar,7
0,Guitar,5
1,Guitar,0
4,Guitar,1
3,Guitar,5
3,Guitar,7
2,Guitar,4
4,Guitar,4
4,Guitar,4
2,Guitar,1
2,Guitar,2
2,Guitar,5
2,Guitar,1
1,Guitar,3
2,Guitar,5
2,Guitar,6
0,Guitar,6
3,Guitar,2
4,Guitar,3
1,Guitar,8
4,Guitar,3
4,Guitar,3
3,Guitar,7
3,Guitar,0
4,Guitar,3
66,Guitar,8
0,Guitar,7
4,Guitar,9
3,Guitar,2
2,Guitar_Noisy,8
0,Guitar,7
2,Guitar,3
3,Guitar,8
1,Guitar,7
1,Guitar,9
0,Guitar,5
3,Guitar,1
0,Guitar,4
2,Guitar,3
2,Guitar,4
0,Guitar,8
2,Guitar,7
0,Guitar,6
1,Guitar,1
0,Guitar,0
1,Guitar,5
4,Guitar,8
3,Guitar,4
4,Guitar,5
3,Guitar,0
2,Guitar,6
3,Guitar,6
5,Guitar,7
3,Guitar,2
2,Guitar,7
78,Guitar,8
101,Guitar,8
2,Guitar,9
6,Guitar,6
3,Guitar,3
4,Guitar,3
126,Guitar,3
0,Guitar,8
1,Guitar,6
2,Guitar,7
2,Guitar,2
0,Guitar,2
0,Guitar,8
3,Guitar,8
1,Guitar,9
0,Guitar,6
0,Guitar,5
2,Guitar,3
3,Guitar,9
0,Guitar,1
2,Guitar,2
0,Guitar,3
57,Guitar,8
0,Guitar,7
2,Guitar,1
2,Guitar,5
56,Guitar,8
1,Guitar,1
0,Guitar,4
2,Guitar,8
0,Guitar,7
3,Guitar,7
2,Guitar,1
2,Guitar,4
3,Guitar,9
1,Guitar,5
1,Guitar,2
1,Guitar,2
2,Guitar,9
137,Guitar,3
3,Guitar,7
2,Guitar,6
3,Guitar,3
2,Guitar,2
4,Guitar,8
0,Guitar,0
65,Guitar,3
5,Guitar,9
3,Guitar,1
5,Guitar,1
1,Guitar,5
3,Guitar,3
1,Guitar,7
0,Guitar,8
0,Guitar,8
4,Guitar,3
31,Guitar,3
2,Guitar,2
0,Guitar,4
4,Guitar,6
4,Guitar,4
1,Guitar,4
3,Guitar,1
1,Guitar,8
2,Guitar,3
4,Guitar,3
0,Guitar,1
0,Guitar,0
2,Guitar,4
0,Guitar,9
1,Guitar,3
6,Guitar,6
2,Guitar,8
2,Guitar,1
5,Guitar,3
2,Guitar,4
0,Guitar,5
2,Guitar,1
3,Guitar,9
2,Guitar,3
3,Guitar,6
0,Guitar,0
3,Guitar,5
5,Guitar,9
2,Guitar,4
2,Guitar,5
1,Guitar,8
0,Guitar,9
4,Guitar,4
2,Guitar,0
2,Guitar,6
53,Guitar,8
1,Guitar,8
3,Guitar,6
3,Guitar,8
0,Guitar_Noisy,3
2,Guitar,4
3,Guitar,2
2,Guitar,7
2,Guitar,7
4,Guitar,7
2,Guitar,8
2,Guitar,5
4,Guitar,8
1,Guitar,1
1,Guitar,5
0,Guitar,8
2,Guitar,2
1,Guitar,0
2,Guitar,1
1,Guitar,0
3,Guitar,1
3,Guitar,5
2,Guitar,3
4,Guitar,4
2,Guitar,4
1,Guitar,2
1,Guitar,8
1,Guitar,8
2,Guitar,7
0,Guitar,3
0,Guitar,9
0,Guitar_Noisy,1
4,Guitar,0
0,Guitar,3
3,Guitar,5
0,Guitar,2
2,Guitar,2
2,Guitar,3
2,Guitar,3
3,Guitar,3
1,Guitar,9
2,Guitar,3
1,Guitar_Noisy,5
0,Guitar,7
1,Guitar,2
2,Guitar,7
0,Guitar,0
0,Guitar,5
3,Guitar,9
3,Guitar,6
16,Guitar,8
4,Guitar,7
3,Guitar,2
1,Guitar,0
4,Guitar,9
4,Guitar,9
3,Guitar,4
4,Guitar,5
3,Guitar,1
0,Guitar,0
0,Guitar,6
2,Guitar,1
3,Guitar,9
2,Guitar,3
3,Guitar,9
3,Guitar,4
3,Guitar,5
7,Guitar,6
2,Guitar,6
2,Guitar,4
4,Guitar,6
3,Guitar,0
0,Guitar,4
3,Guitar,3
1,Guitar,7
3,Guitar,2
0,Guitar,0
1,Guitar,1
2,Guitar,5
1,Guitar,2
1,Guitar,2
0,Guitar,5
132,Guitar,3
4,Guitar,6
2,Guitar,5
3,Guitar,1
0,Guitar,0
2,Guitar,9
7,Guitar,9
3,Guitar,5
0,Guitar,5
1,Guitar,3
2,Guitar,3
0,Guitar,3
4,Guitar,5
2,Guitar,5
1,Guitar,3
0,Guitar,9
3,Guitar,0
0,Guitar,8
0,Guitar,9
11,Guitar,3
0,Guitar,8
3,Guitar,7
2,Guitar,8
0,Guitar,9
0,Guitar_Noisy,5
3,Guitar,9
0,Guitar,3
4,Guitar,7
0,Guitar,8
3,Guitar,0
0,Guitar,0
4,Guitar,9
0,Guitar,8
47,Guitar,8
3,Guitar,8
1,Guitar,1
4,Guitar,0
0,Guitar,1
2,Guitar,6
1,Guitar,7
1,Guitar,9
3,Guitar,3
0,Guitar,4
2,Guitar,7
1,Guitar,2
4,Guitar,9
3,Guitar,7
4,Guitar,9
1,Guitar,8
3,Guitar,5
4,Guitar,1
4,Guitar,6
2,Guitar,0
1,Guitar,1
3,Guitar,6
2,Guitar,9
2,Guitar,8
30,Guitar,8
2,Guitar,0
0,Guitar,0
3,Guitar,4
165,Guitar,3
1,Guitar,1
2,Guitar,9
21,Guitar,3
1,Guitar,2
1,Guitar,7
0,Guitar_Noisy,9
98,Guitar,8
3,Guitar,6
0,Guitar,1
0,Guitar,1
3,Guitar,7
2,Guitar,8
0,Guitar,4
2,Guitar,9
3,Guitar,5
0,Guitar,6
0,Guitar,5
3,Guitar,3
1,Guitar,9
2,Guitar,5
1,Guitar,4
6,Guitar,6
0,Guitar,2
0,Guitar,0
2,Guitar,8
1,Guitar,1
3,Guitar,5
0,Guitar,6
2,Guitar,8
0,Guitar,5
1,Guitar,6
0,Guitar,8
3,Guitar,2
0,Guitar,8
2,Guitar,6
3,Guitar,8
1,Guitar,8
1,Guitar,9
98,Guitar,3
2,Guitar,2
0,Guitar,2
2,Guitar,2
2,Guitar,0
3,Guitar,2
1,Guitar,9
2,Guitar,6
4,Guitar,7
2,Guitar,1
87,Guitar,8
0,Guitar_Noisy,2
0,Guitar,4
1,Guitar,3
4,Guitar,3
4,Guitar,1
0,Guitar,1
3,Guitar,1
0,Guitar,1
2,Guitar_Noisy,4
0,Guitar,0
3,Guitar,6
4,Guitar,9
3,Guitar,8
1,Guitar,2
0,Guitar,5
4,Guitar,0
3,Guitar,5
1,Guitar,4
3,Guitar,7
3,Guitar,0
6,Guitar,8
3,Guitar,0
24,Guitar,3
5,Guitar,6
0,Guitar,4
4,Guitar,9
1,Guitar,5
4,Guitar,9
2,Guitar,8
0,Guitar,4
0,Guitar,1
0,Guitar,0
0,Guitar,2
0,Guitar,5
0,Guitar,2
0,Guitar,4
1,Guitar,9
2,Guitar,4
3,Guitar,8
1,Guitar,3
1,Guitar,0
1,Guitar_Noisy,7
3,Guitar,6
18,Guitar,8
2,Guitar,0
4,Guitar,6
68,Guitar,3
1,Guitar,2
152,Guitar,3
0,Guitar,4
2,Guitar,3
0,Guitar,0
1,Guitar,3
1,Guitar,4
2,Guitar,0
2,Guitar,4
2,Guitar,6
3,Guitar,1
0,Guitar,1
1,Guitar,5
1,Guitar,9
0,Guitar,5
4,Guitar,9
1,Guitar,9
4,Guitar,3
2,Guitar,7
3,Guitar,3
0,Guitar,2
0,Guitar,3
0,Guitar,9
0,Guitar_Noisy,0
3,Guitar,7
1,Guitar,8
1,Guitar,7
2,Guitar_Noisy,4
3,Guitar,4
6,Guitar,9
5,Guitar,3
2,Guitar,5
3,Guitar,4
2,Guitar_Noisy,8
0,Guitar,6
0,Guitar,6
3,Guitar,3
4,Guitar,2
2,Guitar,7
1,Guitar,8
142,Guitar,8
0,Guitar,3
1,Guitar_Noisy,5
4,Guitar,6
0,Guitar,8
3,Guitar,1
1,Guitar,7
4,Guitar,9
2,Guitar_Noisy,0
1,Guitar,3
0,Guitar,3
1,Guitar,8
1,Guitar,5
0,Guitar,7
0,Guitar,3
4,Guitar,5
2,Guitar,1
3,Guitar,1
3,Guitar,1
2,Guitar,4
100,Guitar,3
0,Guitar,2
1,Guitar,1
1,Guitar_Noisy,8
2,Guitar,6
4,Guitar,6
4,Guitar,4
1,Guitar,9
0,Guitar,4
4,Guitar,5
1,Guitar,9
0,Guitar,5
35,Guitar,8
0,Guitar,3
2,Guitar,3
0,Guitar,0
4,Guitar,4
1,Guitar,3
4,Guitar,1
0,Guitar,9
4,Guitar,8
1,Guitar,4
2,Guitar,0
3,Guitar,6
2,Guitar,6
1,Guitar,7
0,Guitar,4
1,Guitar,7
1,Guitar,1
3,Guitar,4
0,Guitar,5
1,Guitar,2
2,Guitar_Noisy,1
3,Guitar,1
2,Guitar,3
0,Guitar_Noisy,2
3,Guitar,7
0,Guitar,2
3,Guitar_Noisy,0
1,Guitar,7
0,Guitar,9
2,Guitar,6
0,Guitar,1
1,Guitar,3
1,Guitar,5
2,Guitar,5
2,Guitar,6
3,Guitar,6
4,Guitar,3
14,Guitar,3
6,Guitar,6
3,Guitar,0
1,Guitar,1
3,Guitar,4
39,Guitar,8
0,Guitar,3
1,Guitar,0
2,Guitar,7
3,Guitar,8
1,Guitar,8
1,Guitar,1
2,Guitar,7
1,Guitar,8
0,Guitar,0
3,Guitar,6
4,Guitar,5
2,Guitar,5
1,Guitar,5
3,Guitar,4
2,Guitar,1
0,Guitar,4
1,Guitar,6
3,Guitar,3
0,Guitar,7
3,Guitar,1
1,Guitar,6
3,Guitar,8
2,Guitar,3
3,Guitar,1
0,Guitar,8
5,Guitar,6
0,Guitar,6
0,Guitar,5
3,Guitar,3
0,Guitar,7
2,Guitar,9
83,Guitar,3
0,Guitar,0
3,Guitar,7
0,Guitar,5
2,Guitar,8
0,Guitar,4
1,Guitar,0
2,Guitar,3
1,Guitar,2
2,Guitar,3
1,Guitar,6
2,Guitar,6
1,Guitar,2
2,Guitar,2
0,Guitar,6
2,Guitar,2
4,Guitar,6
2,Guitar,9
1,Guitar,8
0,Guitar,8
0,Guitar_Noisy,6
1,Guitar,5
1,Guitar,2
0,Guitar,6
3,Guitar,0
0,Guitar_Noisy,3
0,Guitar,8
3,Guitar,7
2,Guitar,3
1,Guitar,8
0,Guitar,4
1,Guitar,0
1,Guitar,0
0,Guitar,1
0,Guitar,9
3,Guitar,9
3,Guitar,8
0,Guitar,6
4,Guitar,1
0,Guitar,6
3,Guitar,2
1,Guitar,9
3,Guitar,5
3,Guitar,0
3,Guitar,5
2,Guitar,4
5,Guitar,3
3,Guitar,0
0,Guitar,2
0,Guitar,5
1,Guitar,0
0,Guitar,2
1,Guitar,0
3,Guitar,4
1,Guitar,3
2,Guitar_Noisy,3
2,Guitar_Noisy,9
2,Guitar,0
5,Guitar,4
15,Guitar,3
2,Guitar,2
4,Guitar,5
2,Guitar,5
0,Guitar,4
2,Guitar,6
3,Guitar,3
3,Guitar,2
40,Guitar,8
134,Guitar,3
3,Guitar,8
0,Guitar_Noisy,6
0,Guitar,0
4,Guitar,8
2,Guitar,0
0,Guitar,4
1,Guitar_Noisy,9
2,Guitar,8
1,Guitar,2
4,Guitar,5
3,Guitar,2
0,Guitar,5
1,Guitar,3
1,Guitar,3
2,Guitar,9
1,Guitar,3
4,Guitar,4
3,Guitar,1
2,Guitar,6
3,Guitar,9
1,Guitar,5
0,Guitar,4
0,Guitar,8
1,Guitar,9
1,Guitar,9
0,Guitar,7
2,Guitar,4
0,Guitar,8
39,Guitar,3
2,Guitar,7
0,Guitar,2
0,Guitar,1
147,Guitar,3
0,Guitar,5
0,Guitar,8
2,Guitar,1
0,Guitar,4
1,Guitar,2
0,Guitar_Noisy,2
2,Guitar,6
2,Guitar,8
3,Guitar,0
1,Guitar,8
2,Guitar,7
5,Guitar,3
1,Guitar,2
1,Guitar,8
3,Guitar,9
2,Guitar,7
0,Guitar,9
3,Guitar,3
4,Guitar,4
2,Guitar,0
2,Guitar,9
0,Guitar,3
0,Guitar,2
0,Guitar,0
0,Guitar,3
5,Guitar,4
4,Guitar,3
5,Guitar,9
2,Guitar,9
2,Guitar,1
126,Guitar,3
2,Guitar,4
0,Guitar,0
2,Guitar,0
2,Guitar,8
1,Guitar,2
34,Guitar,8
4,Guitar,4
0,Guitar,6
1,Guitar,4
3,Guitar,4
0,Guitar,6
0,Guitar,5
1,Guitar,3
4,Guitar,7
1,Guitar,6
27,Guitar,8
1,Guitar,6
1,Guitar,9
2,Guitar,2
3,Guitar,1
87,Guitar,8
2,Guitar,1
2,Guitar_Noisy,4
2,Guitar,6
2,Guitar,7
3,Guitar,1
4,Guitar,6
1,Guitar,6
1,Guitar,7
1,Guitar,5
0,Guitar,1
2,Guitar,4
4,Guitar,4
3,Guitar,5
3,Guitar,3
4,Guitar,1
2,Guitar,2
1,Guitar,2
124,Guitar,3
0,Guitar,7
3,Guitar,0
1,Guitar,8
3,Guitar,8
3,Guitar,8
0,Guitar,5
0,Guitar,7
0,Guitar,9
4,Guitar,4
1,Guitar,9
2,Guitar,3
1,Guitar,1
5,Guitar,3
2,Guitar,6
4,Guitar,3
2,Guitar,3
0,Guitar,3
0,Guitar,0
2,Guitar,4
13,Guitar,8
3,Guitar,0
2,Guitar,9
4,Guitar,4
2,Guitar,9
3,Guitar,9
3,Guitar,0
2,Guitar,3
1,Guitar,9
24,Guitar,8
2,Guitar,8
2,Guitar,5
132,Guitar,3
1,Guitar,5
1,Guitar,3
1,Guitar,7
1,Guitar,2
0,Guitar,9
3,Guitar,4
0,Guitar,5
3,Guitar,2
2,Guitar_Noisy,3
3,Guitar,6
3,Guitar,5
3,Guitar,7
3,Guitar,9
5,Guitar,4
1,Guitar_Noisy,0
62,Guitar,8
2,Guitar,1
4,Guitar,9
140,Guitar,8
1,Guitar,6
1,Guitar,6
4,Guitar,7
1,Guitar,6
4,Guitar,9
4,Guitar,1
3,Guitar,0
0,Guitar,7
4,Guitar,8
0,Guitar,2
2,Guitar,6
5,Guitar,9
0,Guitar,5
0,Guitar,8
2,Guitar,0
1,Guitar,7
3,Guitar,6
4,Guitar,3
1,Guitar,9
0,Guitar,2
3,Guitar,5
2,Guitar,3
2,Guitar,2
0,Guitar,0
0,Guitar,9
3,Guitar,4
2,Guitar,6
4,Guitar,8
27,Guitar,3
3,Guitar,5
0,Guitar,2
1,Guitar,7
3,Guitar,5
2,Guitar,3
1,Guitar,3
2,Guitar,8
0,Guitar,2
1,Guitar,8
2,Guitar,9
0,Guitar,7
3,Guitar,9
0,Guitar,3
2,Guitar,0
2,Guitar,1
145,Guitar,8
5,Guitar,3
1,Guitar,7
4,Guitar,1
2,Guitar,5
0,Guitar,3
2,Guitar,4
4,Guitar,6
2,Guitar,7
3,Guitar,2
6,Guitar,3
0,Guitar,1
4,Guitar,1
1,Guitar,6
2,Guitar,2
3,Guitar,4
2,Guitar,5
0,Guitar,8
0,Guitar,9
5,Guitar,6
2,Guitar,5
0,Guitar,3
2,Guitar,6
1,Guitar,6
2,Guitar,0
2,Guitar,1
0,Guitar,2
2,Guitar,3
0,Guitar,6
4,Guitar,8
6,Guitar,4
1,Guitar,2
0,Guitar,4
3,Guitar,4
0,Guitar,9
0,Guitar,8
5,Guitar,6
4,Guitar,7
1,Guitar_Noisy,4
1,Guitar_Noisy,1
0,Guitar,9
0,Guitar,0
1,Guitar,3
2,Guitar,7
1,Guitar,4
0,Guitar,8
2,Guitar,3
1,Guitar,6
1,Guitar_Noisy,4
0,Guitar,0
0,Guitar,2
4,Guitar,7
135,Guitar,8
1,Guitar,7
0,Guitar,4
2,Guitar,8
3,Guitar,0
4,Guitar,7
2,Guitar,0
2,Guitar,6
0,Guitar,3
4,Guitar,5
3,Guitar,9
0,Guitar,8
1,Guitar,2
3,Guitar,8
2,Guitar,2
1,Guitar,6
1,Guitar,3
7,Guitar,9
0,Guitar,5
2,Guitar,8
2,Guitar,9
4,Guitar,2
2,Guitar,7
4,Guitar,8
3,Guitar,5
1,Guitar,3
20,Guitar,8
0,Guitar_Noisy,1
0,Guitar,6
4,Guitar,1
1,Guitar,9
0,Guitar,7
1,Guitar,9
3,Guitar,6
0,Guitar,9
0,Guitar_Noisy,6
3,Guitar,6
6,Guitar,9
0,Guitar,7
2,Guitar,2
2,Guitar,1
0,Guitar,7
3,Guitar,0
1,Guitar,7
1,Guitar,8
151,Guitar,3
3,Guitar,2
2,Guitar,1
0,Guitar,5
1,Guitar,8
2,Guitar,7
4,Guitar,5
3,Guitar,9
2,Guitar,6
0,Guitar,7
4,Guitar,9
3,Guitar,3
5,Guitar,4
2,Guitar,2
2,Guitar,7
2,Guitar_Noisy,6
1,Guitar,4
2,Guitar,3
2,Guitar,6
3,Guitar,0
1,Guitar,3
79,Guitar,3
1,Guitar,2
3,Guitar,6
7,Guitar,9
1,Guitar,2
3,Guitar,4
1,Guitar,0
1,Guitar,6
1,Guitar,5
2,Guitar_Noisy,4
1,Guitar,5
0,Guitar,6
0,Guitar,2
1,Guitar,2
3,Guitar,6
3,Guitar,1
1,Guitar,6
0,Guitar,4
0,Guitar,7
4,Guitar,4
1,Guitar,9
4,Guitar,3
2,Guitar,1
2,Guitar,1
0,Guitar,9
0,Guitar,6
1,Guitar,4
0,Guitar,4
1,Guitar,3
4,Guitar,7
1,Guitar,1
3,Guitar,0
0,Guitar,2
3,Guitar,1
4,Guitar,6
4,Guitar,4
4,Guitar,6
36,Guitar,8
0,Guitar,3
1,Guitar,2
2,Guitar,9
2,Guitar,1
1,Guitar,7
0,Guitar,3
2,Guitar,2
3,Guitar,1
0,Guitar,9
0,Guitar,9
1,Guitar,0
4,Guitar,1
3,Guitar,6
1,Guitar_Noisy,2
0,Guitar,2
1,Guitar,2
1,Guitar,1
3,Guitar,3
5,Guitar,9
3,Guitar,6
3,Guitar,8
2,Guitar,5
3,Guitar,6
4,Guitar,3
0,Guitar,4
4,Guitar,3
1,Guitar,6
0,Guitar,3
0,Guitar,1
2,Guitar,5
1,Guitar,9
0,Guitar,2
2,Guitar_Noisy,5
3,Guitar,7
4,Guitar,3
0,Guitar,1
1,Guitar,9
2,Guitar,2
2,Guitar_Noisy,9
0,Guitar,3
0,Guitar,1
0,Guitar,4
1,Guitar,2
70,Guitar,8
1,Guitar,0
3,Guitar,7
0,Guitar,0
2,Guitar,2
1,Guitar,4
1,Guitar,6
2,Guitar,8
2,Guitar,4
4,Guitar,9
1,Guitar,0
5,Guitar,7
4,Guitar,0
4,Guitar,6
2,Guitar,0
1,Guitar,0
3,Guitar,3
4,Guitar,5
2,Guitar,2
3,Guitar,1
4,Guitar,9
2,Guitar,1
0,Guitar,6
6,Guitar,6
0,Guitar,6
2,Guitar,7
1,Guitar,1
1,Guitar,5
3,Guitar,1
3,Guitar,3
2,Guitar_Noisy,4
1,Guitar,8
4,Guitar,4
0,Guitar,7
3,Guitar,1
109,Guitar,3
2,Guitar,3
129,Guitar,8
1,Guitar,2
2,Guitar,2
2,Guitar,5
2,Guitar,8
1,Guitar,8
3,Guitar,4
1,Guitar,3
5,Guitar,3
1,Guitar,4
2,Guitar,3
2,Guitar,6
5,Guitar,9
4,Guitar,6
0,Guitar,5
2,Guitar,0
1,Guitar,7
2,Guitar,4
0,Guitar,0
0,Guitar,3
3,Guitar,3
0,Guitar,5
2,Guitar,7
2,Guitar,5
4,Guitar,4
1,Guitar,6
2,Guitar,6
3,Guitar,3
0,Guitar,1
3,Guitar,6
0,Guitar,5
1,Guitar,2
2,Guitar_Noisy,0
1,Guitar,8
0,Guitar_Noisy,2
0,Guitar,6
5,Guitar,6
1,Guitar,0
2,Guitar,8
0,Guitar,2
0,Guitar,3
4,Guitar,4
0,Guitar,9
4,Guitar,5
2,Guitar,7
0,Guitar,6
2,Guitar,3
3,Guitar,6
0,Guitar,1
110,Guitar,8
0,Guitar,9
4,Guitar,9
0,Guitar,4
0,Guitar,5
0,Guitar,3
3,Guitar,8
2,Guitar,9
2,Guitar,3
2,Guitar,7
1,Guitar,1
4,Guitar,2
4,Guitar,9
56,Guitar,8
3,Guitar,3
2,Guitar,2
1,Guitar,9
3,Guitar,1
3,Guitar,5
1,Guitar,7
0,Guitar,8
0,Guitar,2
2,Guitar,4
3,Guitar,3
1,Guitar,1
2,Guitar,2
3,Guitar,0
3,Guitar,9
4,Guitar,9
2,Guitar,0
0,Guitar,2
2,Guitar,1
4,Guitar,9
3,Guitar,3
1,Guitar,0
1,Guitar,0
1,Guitar,6
1,Guitar,6
1,Guitar,8
58,Guitar,8
1,Guitar,3
1,Guitar,0
3,Guitar_Noisy,0
4,Guitar,1
1,Guitar,9
2,Guitar,2
1,Guitar,4
4,Guitar,0
4,Guitar_Noisy,3
1,Guitar,8
1,Guitar,4
4,Guitar,7
3,Guitar,0
0,Guitar,3
2,Guitar,3
0,Guitar,8
3,Guitar,1
3,Guitar,5
3,Guitar,1
4,Guitar,9
3,Guitar,7
1,Guitar,9
46,Guitar,3
1,Guitar,0
4,Guitar,0
0,Guitar_Noisy,7
2,Guitar,3
1,Guitar,5
1,Guitar,9
1,Guitar,0
0,Guitar,8
2,Guitar,4
3,Guitar,1
3,Guitar,8
2,Guitar,7
0,Guitar,5
141,Guitar,3
3,Guitar,4
3,Guitar,3
2,Guitar,8
2,Guitar,3
1,Guitar,1
4,Guitar,4
5,Guitar,6
0,Guitar,3
4,Guitar,7
5,Guitar,6
2,Guitar,1
0,Guitar,1
3,Guitar,5
3,Guitar,7
1,Guitar,9
2,Guitar,7
0,Guitar,8
2,Guitar,1
0,Guitar,9
3,Guitar,6
1,Guitar,1
25,Guitar,8
2,Guitar,5
1,Guitar,6
3,Guitar,2
164,Guitar,3
0,Guitar,3
1,Guitar,9
0,Guitar,2
3,Guitar,4
1,Guitar,5
1,Guitar,3
3,Guitar,9
3,Guitar,3
3,Guitar,7
4,Guitar,6
0,Guitar,6
0,Guitar,1
2,Guitar,6
3,Guitar,0
4,Guitar,5
3,Guitar,8
1,Guitar,7
0,Guitar,6
0,Guitar,6
0,Guitar,8
3,Guitar,6
0,Guitar,2
2,Guitar,8
3,Guitar,4
4,Guitar,3
4,Guitar,0
1,Guitar,6
2,Guitar,3
3,Guitar,1
2,Guitar,8
1,Guitar,1
1,Guitar,8
1,Guitar,9
1,Guitar,1
1,Guitar,7
2,Guitar,5
2,Guitar,8
0,Guitar,9
2,Guitar,2
3,Guitar,8
2,Guitar,2
0,Guitar,1
2,Guitar,8
0,Guitar_Noisy,8
1,Guitar,9
4,Guitar,7
4,Guitar,5
2,Guitar,4
2,Guitar,8
4,Guitar,8
3,Guitar,6
2,Guitar,1
0,Guitar,7
4,Guitar,6
135,Guitar,3
3,Guitar,9
1,Guitar,6
2,Guitar,5
0,Guitar,3
3,Guitar,9
0,Guitar,6
0,Guitar,2
3,Guitar,3
1,Guitar,0
2,Guitar,5
0,Guitar,1
0,Guitar_Noisy,0
5,Guitar,7
4,Guitar,3
136,Guitar,8
3,Guitar,7
1,Guitar,3
2,Guitar,0
1,Guitar_Noisy,9
1,Guitar,9
3,Guitar,6
64,Guitar,3
2,Guitar,8
3,Guitar,8
4,Guitar,9
4,Guitar,1
0,Guitar,0
54,Guitar,3
3,Guitar,1
1,Guitar,6
0,Guitar,8
2,Guitar,7
1,Guitar,1
4,Guitar,7
5,Guitar,6
7,Guitar,6
0,Guitar,7
3,Guitar,7
0,Guitar,1
3,Guitar,2
1,Guitar,0
5,Guitar,1
4,Guitar,6
1,Guitar,6
3,Guitar,0
1,Guitar,6
4,Guitar,0
0,Guitar,9
3,Guitar,5
1,Guitar_Noisy,4
1,Guitar,9
142,Guitar,8
2,Guitar,8
13,Guitar,3
1,Guitar,0
5,Guitar,6
44,Guitar,3
4,Guitar,6
1,Guitar,5
2,Guitar,5
0,Guitar,4
0,Guitar,0
3,Guitar,2
0,Guitar,9
2,Guitar,3
1,Guitar,1
3,Guitar,8
4,Guitar,0
4,Guitar,6
0,Guitar_Noisy,5
0,Guitar,2
2,Guitar,9
1,Guitar,4
1,Guitar,2
1,Guitar,5
3,Guitar,6
0,Guitar,2
2,Guitar_Noisy,5
2,Guitar,3
0,Guitar,4
4,Guitar,3
1,Guitar,7
1,Guitar,7
3,Guitar,4
0,Guitar,2
4,Guitar,2
0,Guitar,1
0,Guitar,1
4,Guitar,0
3,Guitar,7
4,Guitar,9
1,Guitar,1
38,Guitar,3
2,Guitar,9
4,Guitar,3
3,Guitar,2
0,Guitar,4
1,Guitar,9
3,Guitar,3
1,Guitar,4
1,Guitar,7
0,Guitar,4
0,Guitar,4
2,Guitar_Noisy,5
1,Guitar,4
1,Guitar,6
3,Guitar,5
1,Guitar,3
3,Guitar,8
2,Guitar,0
2,Guitar,0
4,Guitar,5
3,Guitar,6
3,Guitar,9
0,Guitar,9
1,Guitar,0
1,Guitar,2
0,Guitar,7
0,Guitar,7
0,Guitar,5
2,Guitar,3
2,Guitar,7
3,Guitar,1
87,Guitar,3
1,Guitar,2
2,Guitar,0
3,Guitar,5
2,Guitar,9
0,Guitar,0
1,Guitar,9
0,Guitar,4
0,Guitar,5
4,Guitar,2
4,Guitar,6
5,Guitar,9
1,Guitar,4
2,Guitar,5
3,Guitar,1
0,Guitar,1
3,Guitar,5
2,Guitar,7
0,Guitar,6
121,Guitar,3
2,Guitar,3
1,Guitar,4
2,Guitar,3
3,Guitar,2
0,Guitar,4
2,Guitar_Noisy,0
2,Guitar_Noisy,2
4,Guitar,1
1,Guitar,4
1,Guitar,8
0,Guitar,3
0,Guitar,9
2,Guitar,7
2,Guitar,5
3,Guitar,5
2,Guitar_Noisy,9
0,Guitar,8
0,Guitar,8
1,Guitar,9
1,Guitar,1
2,Guitar,1
3,Guitar,5
2,Guitar,5
2,Guitar,6
3,Guitar,2
2,Guitar,3
0,Guitar,6
1,Guitar,5
0,Guitar_Noisy,6
3,Guitar,8
3,Guitar,3
1,Guitar,8
1,Guitar,3
1,Guitar,0
0,Guitar,4
4,Guitar,9
0,Guitar,6
4,Guitar,3
0,Guitar,2
0,Guitar,6
2,Guitar,4
4,Guitar,6
2,Guitar,4
3,Guitar,7
1,Guitar,1
2,Guitar,7
2,Guitar,7
4,Guitar,1
3,Guitar,6
1,Guitar,9
0,Guitar,6
2,Guitar,5
1,Guitar,7
1,Guitar,9
2,Guitar,8
6,Guitar,6
2,Guitar,6
0,Guitar,1
1,Guitar,2
2,Guitar,5
4,Guitar,1
2,Guitar,9
1,Guitar,6
0,Guitar,1
114,Guitar,8
2,Guitar,8
2,Guitar,8
1,Guitar,6
2,Guitar,3
3,Guitar,3
4,Guitar,3
3,Guitar,9
2,Guitar,5
1,Guitar,3
1,Guitar,1
1,Guitar,5
0,Guitar_Noisy,3
1,Guitar,9
5,Guitar,6
3,Guitar,2
4,Guitar,3
3,Guitar,6
0,Guitar,5
3,Guitar,8
4,Guitar,5
0,Guitar,7
4,Guitar,3
1,Guitar_Noisy,5
0,Guitar,4
4,Guitar,7
4,Guitar,0
2,Guitar,1
0,Guitar,5
1,Guitar,2
2,Guitar,9
2,Guitar,8
4,Guitar,4
0,Guitar,6
3,Guitar,4
3,Guitar,3
3,Guitar,3
2,Guitar,9
2,Guitar,2
0,Guitar,2
0,Guitar,7
2,Guitar,5
1,Guitar,8
1,Guitar,4
1,Guitar,1
0,Guitar,0
0,Guitar,4
0,Guitar,3
1,Guitar,1
6,Guitar,6
2,Guitar,2
3,Guitar,1
0,Guitar,1
1,Guitar,6
1,Guitar,9
1,Guitar,2
2,Guitar,4
0,Guitar,5
0,Guitar,0
0,Guitar,3
1,Guitar,6
2,Guitar,8
4,Guitar,6
0,Guitar,5
3,Guitar,4
1,Guitar,1
0,Guitar,8
0,Guitar_Noisy,0
3,Guitar,3
1,Guitar,6
4,Guitar,1
4,Guitar,6
3,Guitar,6
1,Guitar,6
2,Guitar,2
0,Guitar,8
0,Guitar,3
1,Guitar,2
0,Guitar,0
2,Guitar,7
5,Guitar,6
118,Guitar,8
158,Guitar,3
4,Guitar,1
0,Guitar,7
4,Guitar,5
3,Guitar,8
1,Guitar,4
0,Guitar,7
0,Guitar,9
2,Guitar,5
0,Guitar_Noisy,9
2,Guitar,0
3,Guitar,2
0,Guitar,5
2,Guitar,2
4,Guitar,7
3,Guitar,9
2,Guitar,3
1,Guitar,7
0,Guitar,8
0,Guitar,0
2,Guitar,5
2,Guitar,3
2,Guitar,1
4,Guitar,7
4,Guitar,9
2,Guitar,7
2,Guitar,1
0,Guitar,8
0,Guitar,1
0,Guitar,3
3,Guitar,9
1,Guitar,8
4,Guitar,4
4,Guitar,2
1,Guitar,0
1,Guitar,1
1,Guitar,6
0,Guitar,7
0,Guitar,8
1,Guitar,6
1,Guitar,4
0,Guitar,0
2,Guitar,2
2,Guitar,1
4,Guitar,4
3,Guitar,9
1,Guitar,7
0,Guitar,6
3,Guitar,6
3,Guitar,3
3,Guitar,1
0,Guitar,5
3,Guitar,8
2,Guitar,5
2,Guitar,9
4,Guitar,0
3,Guitar,0
3,Guitar,5
4,Guitar,3
3,Guitar,2
2,Guitar,0
3,Guitar,0
3,Guitar,1
3,Guitar,7
4,Guitar,0
3,Guitar,1
1,Guitar,8
3,Guitar,4
2,Guitar,1
3,Guitar,6
2,Guitar,3
117,Guitar,8
1,Guitar,0
4,Guitar,1
1,Guitar,3
3,Guitar,9
1,Guitar,2
2,Guitar,1
3,Guitar,8
0,Guitar,4
0,Guitar,7
0,Guitar,8
3,Guitar,2
2,Guitar,2
2,Guitar,1
0,Guitar,4
3,Guitar,0
3,Guitar,9
3,Guitar,4
2,Guitar_Noisy,2
2,Guitar,5
0,Guitar_Noisy,8
3,Guitar,9
115,Guitar,3
10,Guitar,8
0,Guitar,1
3,Guitar,8
65,Guitar,3
3,Guitar,7
1,Guitar,3
1,Guitar,0
4,Guitar,6
3,Guitar,5
1,Guitar,9
0,Guitar,9
154,Guitar,3
0,Guitar,5
48,Guitar,8
2,Guitar,9
2,Guitar,1
1,Guitar,9
1,Guitar,0
77,Guitar,8
3,Guitar,0
2,Guitar,1
3,Guitar,3
128,Guitar,8
0,Guitar,0
0,Guitar,8
4,Guitar,2
3,Guitar,1
3,Guitar,9
104,Guitar,3
2,Guitar,1
2,Guitar,8
3,Guitar,3
2,Guitar,3
3,Guitar,2
0,Guitar,1
119,Guitar,8
3,Guitar,5
0,Guitar,1
4,Guitar,2
1,Guitar,2
0,Guitar,6
2,Guitar,7
0,Guitar,8
2,Guitar,7
94,Guitar,3
34,Guitar,3
3,Guitar,9
2,Guitar,6
2,Guitar_Noisy,2
3,Guitar,7
1,Guitar,5
0,Guitar,3
1,Guitar,7
4,Guitar,9
5,Guitar,9
5,Guitar,6
92,Guitar,3
0,Guitar_Noisy,2
4,Guitar,9
1,Guitar,3
1,Guitar,3
0,Guitar,0
1,Guitar,9
4,Guitar,4
4,Guitar,1
4,Guitar,9
2,Guitar,6
1,Guitar,8
1,Guitar,4
3,Guitar,3
2,Guitar,9
4,Guitar,4
0,Guitar,5
0,Guitar,3
0,Guitar,0
0,Guitar,5
1,Guitar,0
4,Guitar,4
4,Guitar,4
2,Guitar,4
4,Guitar,4
0,Guitar,7
4,Guitar,1
2,Guitar,2
2,Guitar,2
0,Guitar,1
0,Guitar,7
1,Guitar,6
1,Guitar,7
0,Guitar,2
1,Guitar,7
1,Guitar,3
3,Guitar,9
2,Guitar,9
65,Guitar,8
0,Guitar,3
0,Guitar,5
3,Guitar,0
0,Guitar,4
2,Guitar,4
3,Guitar,7
3,Guitar_Noisy,2
4,Guitar,8
0,Guitar,7
0,Guitar,0
0,Guitar,9
2,Guitar,9
1,Guitar,6
3,Guitar,0
1,Guitar,4
3,Guitar,3
0,Guitar,1
2,Guitar,4
1,Guitar,1
1,Guitar,5
1,Guitar,0
2,Guitar,8
1,Guitar,0
1,Guitar,2
1,Guitar,1
1,Guitar,8
5,Guitar,3
2,Guitar,6
4,Guitar,4
3,Guitar,7
3,Guitar,0
2,Guitar_Noisy,0
3,Guitar,8
4,Guitar,0
1,Guitar,6
2,Guitar,0
3,Guitar,5
5,Guitar,9
0,Guitar,6
2,Guitar_Noisy,4
2,Guitar,8
1,Guitar,2
2,Guitar_Noisy,1
1,Guitar,8
1,Guitar,8
1,Guitar,0
3,Guitar,5
0,Guitar,9
1,Guitar,1
0,Guitar,2
0,Guitar,2
1,Guitar,9
4,Guitar,5
1,Guitar,7
0,Guitar,9
42,Guitar,8
2,Guitar,0
146,Guitar,3
2,Guitar,3
4,Guitar,6
2,Guitar,1
1,Guitar,4
2,Guitar,8
1,Guitar,0
2,Guitar,3
1,Guitar,9
4,Guitar,4
5,Guitar,9
0,Guitar,9
3,Guitar,6
1,Guitar,6
4,Guitar,5
0,Guitar,1
0,Guitar,7
4,Guitar,7
5,Guitar,9
2,Guitar,7
3,Guitar,4
0,Guitar_Noisy,7
0,Guitar,5
5,Guitar,3
3,Guitar,0
96,Guitar,3
2,Guitar,2
1,Guitar,5
0,Guitar,3
85,Guitar,8
3,Guitar,4
2,Guitar,1
1,Guitar,5
3,Guitar,7
3,Guitar,3
4,Guitar,9
1,Guitar,7
0,Guitar,4
3,Guitar,9
1,Guitar,0
11,Guitar,3
1,Guitar,6
0,Guitar,8
1,Guitar,1
1,Guitar,7
0,Guitar,7
2,Guitar,2
1,Guitar,1
4,Guitar,4
3,Guitar,6
4,Guitar,8
1,Guitar,8
4,Guitar,1
3,Guitar,3
0,Guitar,3
0,Guitar,8
3,Guitar,4
1,Guitar,6
1,Guitar,1
4,Guitar,2
2,Guitar,2
2,Guitar,6
1,Guitar,7
0,Guitar,1
3,Guitar,1
1,Guitar,1
0,Guitar,5
4,Guitar,5
0,Guitar,5
85,Guitar,8
0,Guitar,9
1,Guitar_Noisy,1
3,Guitar,6
12,Guitar,3
1,Guitar,7
0,Guitar,9
1,Guitar,1
2,Guitar,6
3,Guitar,0
139,Guitar,3
0,Guitar,9
2,Guitar,6
0,Guitar,7
0,Guitar,6
2,Guitar,9
2,Guitar,7
0,Guitar,3
1,Guitar,5
0,Guitar,4
0,Guitar,3
3,Guitar,5
1,Guitar,5
93,Guitar,8
0,Guitar,1
2,Guitar,8
1,Guitar,0
0,Guitar,8
0,Guitar,0
0,Guitar,1
119,Guitar,3
2,Guitar,8
4,Guitar,3
0,Guitar,3
127,Guitar,8
2,Guitar,5
0,Guitar,5
1,Guitar,9
1,Guitar,2
3,Guitar,7
1,Guitar,9
4,Guitar,9
1,Guitar,3
1,Guitar,2
1,Guitar,4
2,Guitar,3
1,Guitar,8
2,Guitar,9
1,Guitar,3
2,Guitar,1
4,Guitar,0
1,Guitar,5
0,Guitar,6
1,Guitar,9
2,Guitar,7
1,Guitar,2
4,Guitar,4
0,Guitar,9
163,Guitar,3
32,Guitar,8
1,Guitar,9
2,Guitar,9
2,Guitar,1
2,Guitar,5
3,Guitar,1
1,Guitar,7
3,Guitar,5
0,Guitar,4
2,Guitar,0
4,Guitar,3
2,Guitar,8
4,Guitar,4
3,Guitar,7
1,Guitar,6
1,Guitar,3
2,Guitar,1
2,Guitar,0
5,Guitar,9
1,Guitar,7
2,Guitar,2
52,Guitar,8
2,Guitar,3
0,Guitar_Noisy,3
1,Guitar,3
3,Guitar,1
3,Guitar,2
1,Guitar,0
0,Guitar,5
1,Guitar,4
2,Guitar,6
1,Guitar,1
3,Guitar,3
3,Guitar_Noisy,0
106,Guitar,3
0,Guitar,9
2,Guitar,7
3,Guitar,7
3,Guitar,4
1,Guitar,7
2,Guitar,0
3,Guitar_Noisy,0
3,Guitar,7
0,Guitar,0
3,Guitar_Noisy,4
0,Guitar,0
2,Guitar,6
1,Guitar,4
2,Guitar,0
3,Guitar,2
4,Guitar,5
3,Guitar,4
4,Guitar,2
3,Guitar,1
2,Guitar,4
4,Guitar,5
1,Guitar,2
0,Guitar,5
1,Guitar,1
2,Guitar,9
3,Guitar,8
2,Guitar,7
107,Guitar,8
0,Guitar,7
2,Guitar,9
1,Guitar,1
2,Guitar,1
2,Guitar,4
2,Guitar,1
0,Guitar,9
1,Guitar_Noisy,8
2,Guitar,8
3,Guitar,9
3,Guitar,4
157,Guitar,3
1,Guitar,2
2,Guitar,7
1,Guitar,4
31,Guitar,8
0,Guitar,4
0,Guitar_Noisy,1
3,Guitar,8
3,Guitar,7
4,Guitar,6
3,Guitar,8
0,Guitar,7
3,Guitar,5
3,Guitar,4
96,Guitar,3
4,Guitar,3
1,Guitar,2
2,Guitar,8
2,Guitar,8
76,Guitar,8
1,Guitar,2
100,Guitar,8
2,Guitar,3
3,Guitar,4
1,Guitar,1
105,Guitar,3
4,Guitar,0
77,Guitar,3
2,Guitar,8
4,Guitar,8
4,Guitar,9
3,Guitar,4
5,Guitar,9
3,Guitar,7
156,Guitar,3
2,Guitar,1
3,Guitar,9
2,Guitar,7
0,Guitar,8
2,Guitar,5
0,Guitar,6
0,Guitar,9
0,Guitar,1
0,Guitar,8
0,Guitar,1
0,Guitar,3
2,Guitar,8
1,Guitar,7
1,Guitar,0
3,Guitar,6
0,Guitar,6
2,Guitar,3
4,Guitar,0
5,Guitar,6
3,Guitar,2
0,Guitar,6
0,Guitar,3
7,Guitar,6
1,Guitar,0
1,Guitar,8
4,Guitar,6
0,Guitar,3
1,Guitar,7
1,Guitar,6
4,Guitar,2
3,Guitar,6
0,Guitar,8
2,Guitar,6
0,Guitar,1
1,Guitar,3
2,Guitar,3
1,Guitar,0
0,Guitar,6
3,Guitar,0
3,Guitar,3
3,Guitar,7
0,Guitar,6
0,Guitar,9
4,Guitar,0
2,Guitar,0
1,Guitar,4
1,Guitar,3
1,Guitar,2
2,Guitar,3
2,Guitar,3
0,Guitar,0
0,Guitar,7
4,Guitar,6
4,Guitar,6
4,Guitar,4
0,Guitar_Noisy,3
2,Guitar,2
2,Guitar,5
2,Guitar,7
1,Guitar,9
3,Guitar,3
1,Guitar,4
1,Guitar,2
2,Guitar,4
1,Guitar,6
1,Guitar,0
4,Guitar,1
2,Guitar,8
1,Guitar,8
1,Guitar,4
1,Guitar,9
2,Guitar,5
3,Guitar,2
2,Guitar,9
1,Guitar,5
6,Guitar,1
4,Guitar,6
0,Guitar,3
1,Guitar,7
2,Guitar_Noisy,2
6,Guitar,9
2,Guitar,9
146,Guitar,3
0,Guitar,1
0,Guitar,0
2,Guitar,8
3,Guitar,3
0,Guitar,0
2,Guitar,4
4,Guitar,4
38,Guitar,8
3,Guitar,8
3,Guitar,9
2,Guitar,0
0,Guitar,5
4,Guitar,1
0,Guitar,1
0,Guitar,7
1,Guitar,5
3,Guitar,0
0,Guitar,2
0,Guitar,9
3,Guitar,8
4,Guitar,3
140,Guitar,8
1,Guitar,3
1,Guitar,6
2,Guitar,3
3,Guitar,3
2,Guitar,3
3,Guitar,9
2,Guitar,4
4,Guitar,3
4,Guitar,5
4,Guitar,9
4,Guitar,4
114,Guitar,8
3,Guitar,3
2,Guitar,7
0,Guitar,3
5,Guitar,6
6,Guitar,9
1,Guitar,1
0,Guitar,8
2,Guitar,8
0,Guitar,0
1,Guitar,0
2,Guitar,7
1,Guitar,0
5,Guitar,1
1,Guitar,3
1,Guitar_Noisy,1
1,Guitar,1
3,Guitar,2
4,Guitar,6
1,Guitar,2
3,Guitar,3
0,Guitar_Noisy,9
3,Guitar,3
0,Guitar,2
3,Guitar,3
3,Guitar,0
0,Guitar,7
2,Guitar,5
10,Guitar,3
2,Guitar,4
4,Guitar,6
1,Guitar,7
3,Guitar,0
3,Guitar,1
3,Guitar,5
0,Guitar_Noisy,1
0,Guitar,7
1,Guitar,1
1,Guitar,2
0,Guitar,2
2,Guitar,0
3,Guitar,8
1,Guitar,9
2,Guitar_Noisy,4
0,Guitar,1
3,Guitar,8
2,Guitar,2
3,Guitar,8
0,Guitar,3
3,Guitar,8
4,Guitar,1
1,Guitar,2
1,Guitar,2
1,Guitar,1
3,Guitar,0
1,Guitar,5
3,Guitar,4
6,Guitar,6
0,Guitar,0
1,Guitar,8
3,Guitar,1
2,Guitar,4
4,Guitar,5
159,Guitar,3
0,Guitar,0
5,Guitar,9
0,Guitar,1
3,Guitar,3
0,Guitar,6
0,Guitar,5
4,Guitar,5
4,Guitar,0
1,Guitar,3
1,Guitar,1
2,Guitar,7
1,Guitar,8
0,Guitar,0
1,Guitar,2
1,Guitar,4
0,Guitar,9
3,Guitar,3
2,Guitar,7
0,Guitar,8
4,Guitar,3
1,Guitar,7
2,Guitar,6
3,Guitar,7
4,Guitar,7
0,Guitar,5
2,Guitar,8
0,Guitar,3
4,Guitar,1
1,Guitar,7
1,Guitar,9
2,Guitar,2
134,Guitar,8
4,Guitar,3
2,Guitar,5
1,Guitar_Noisy,6
0,Guitar,7
2,Guitar,8
1,Guitar,5
1,Guitar,5
43,Guitar,8
2,Guitar_Noisy,2
84,Guitar,8
4,Guitar,4
2,Guitar,6
0,Guitar,0
3,Guitar,3
0,Guitar,4
3,Guitar,1
4,Guitar,1
3,Guitar,4
1,Guitar,4
3,Guitar,1
3,Guitar,8
2,Guitar,7
1,Guitar,3
3,Guitar,3
3,Guitar,2
3,Guitar,0
1,Guitar,4
0,Guitar,9
0,Guitar,7
0,Guitar,0
3,Guitar,4
1,Guitar,6
1,Guitar,6
4,Guitar,3
2,Guitar,8
3,Guitar,0
6,Guitar,3
0,Guitar,7
3,Guitar,1
3,Guitar,6
2,Guitar,3
4,Guitar,5
4,Guitar,8
2,Guitar,5
2,Guitar,6
3,Guitar,1
2,Guitar,4
0,Guitar,4
116,Guitar,8
2,Guitar,1
4,Guitar,1
0,Guitar,4
2,Guitar,9
3,Guitar,6
0,Guitar,0
2,Guitar,2
1,Guitar,1
1,Guitar,6
1,Guitar,3
0,Guitar,2
29,Guitar,3
0,Guitar,8
3,Guitar,5
2,Guitar,8
24,Guitar,3
1,Guitar,1
1,Guitar,0
4,Guitar,4
0,Guitar,4
3,Guitar,0
0,Guitar,0
3,Guitar,1
2,Guitar,9
3,Guitar,9
1,Guitar,3
3,Guitar,0
2,Guitar_Noisy,8
1,Guitar_Noisy,7
4,Guitar,0
6,Guitar,3
2,Guitar,5
3,Guitar,5
0,Guitar,8
74,Guitar,8
1,Guitar,7
0,Guitar,1
1,Guitar,0
3,Guitar,8
124,Guitar,8
2,Guitar,1
2,Guitar,3
2,Guitar,9
0,Guitar,1
0,Guitar,2
2,Guitar,7
3,Guitar,5
0,Guitar,5
0,Guitar,9
3,Guitar,8
0,Guitar,2
0,Guitar,7
5,Guitar,6
5,Guitar,5
0,Guitar,1
1,Guitar,1
1,Guitar,5
4,Guitar,1
0,Guitar,1
2,Guitar,9
4,Guitar,7
4,Guitar,1
2,Guitar,9
1,Guitar,6
3,Guitar,9
3,Guitar,9
4,Guitar,7
0,Guitar,0
4,Guitar,1
3,Guitar,1
4,Guitar,3
0,Guitar,0
3,Guitar,3
1,Guitar,4
4,Guitar,5
2,Guitar,7
3,Guitar,3
4,Guitar,9
0,Guitar,4
2,Guitar,3
1,Guitar,3
3,Guitar,9
3,Guitar,1
3,Guitar,6
2,Guitar,7
2,Guitar,8
1,Guitar,0
2,Guitar,6
1,Guitar,3
92,Guitar,8
2,Guitar,2
6,Guitar,9
4,Guitar,7
1,Guitar,9
1,Guitar,7
3,Guitar,8
0,Guitar,9
0,Guitar,7
0,Guitar,1
1,Guitar,9
0,Guitar,5
0,Guitar,8
1,Guitar,2
2,Guitar,4
3,Guitar,1
0,Guitar,7
3,Guitar,5
1,Guitar,2
1,Guitar,5
1,Guitar,4
1,Guitar,5
3,Guitar,8
1,Guitar,3
0,Guitar,2
2,Guitar,6
3,Guitar,2
1,Guitar,0
3,Guitar,9
7,Guitar,1
2,Guitar,3
2,Guitar,0
3,Guitar,9
40,Guitar,3
3,Guitar,9
2,Guitar,4
2,Guitar,4
0,Guitar,0
30,Guitar,3
0,Guitar_Noisy,5
0,Guitar,1
1,Guitar,5
0,Guitar,0
3,Guitar,2
0,Guitar,1
2,Guitar,6
2,Guitar,9
2,Guitar,9
5,Guitar,4
3,Guitar,5
2,Guitar,8
0,Guitar,5
1,Guitar,3
70,Guitar,3
4,Guitar,3
104,Guitar,8
0,Guitar,4
3,Guitar,1
3,Guitar,3
2,Guitar,5
0,Guitar,8
3,Guitar,9
5,Guitar,3
0,Guitar,0
0,Guitar,6
2,Guitar,0
1,Guitar,8
0,Guitar,8
0,Guitar,4
0,Guitar,6
2,Guitar,7
2,Guitar,5
0,Guitar,0
3,Guitar,7
2,Guitar,5
2,Guitar,5
3,Guitar,9
7,Guitar,9
3,Guitar_Noisy,0
1,Guitar,3
1,Guitar,7
1,Guitar,9
52,Guitar,3
0,Guitar,5
3,Guitar,2
3,Guitar,3
2,Guitar,4
1,Guitar,4
4,Guitar,4
1,Guitar,5
3,Guitar,9
2,Guitar,6
3,Guitar,5
112,Guitar,3
2,Guitar,6
0,Guitar,1
0,Guitar,2
3,Guitar,2
1,Guitar,7
0,Guitar,2
1,Guitar,2
0,Guitar,6
3,Guitar,3
1,Guitar,2
3,Guitar,3
0,Guitar,4
3,Guitar,1
3,Guitar,5
0,Guitar,5
1,Guitar,7
3,Guitar,8
3,Guitar,9
2,Guitar,7
5,Guitar,3
0,Guitar_Noisy,7
4,Guitar,8
2,Guitar,6
3,Guitar,1
0,Guitar,6
56,Guitar,3
3,Guitar,5
0,Guitar_Noisy,2
1,Guitar,3
2,Guitar,4
5,Guitar,9
4,Guitar,9
1,Guitar_Noisy,3
0,Guitar,5
0,Guitar,4
68,Guitar,8
0,Guitar,7
1,Guitar,4
2,Guitar,9
4,Guitar,7
3,Guitar,6
3,Guitar,5
0,Guitar,5
0,Guitar,9
4,Guitar,1
1,Guitar,8
2,Guitar,6
0,Guitar,8
0,Guitar,6
0,Guitar,6
0,Guitar,2
1,Guitar,7
0,Guitar,9
2,Guitar,6
0,Guitar,1
2,Guitar,7
0,Guitar,7
3,Guitar,6
1,Guitar,7
4,Guitar,5
3,Guitar,6
1,Guitar,7
2,Guitar,1
5,Guitar,4
4,Guitar,1
0,Guitar,2
0,Guitar,5
2,Guitar,7
3,Guitar,7
0,Guitar,0
5,Guitar,3
1,Guitar,4
0,Guitar_Noisy,4
4,Guitar,1
1,Guitar,1
2,Guitar,7
1,Guitar,8
2,Guitar,7
2,Guitar,7
2,Guitar,2
1,Guitar,4
4,Guitar,1
2,Guitar,0
4,Guitar,9
0,Guitar,0
0,Guitar,7
3,Guitar,1
3,Guitar,3
0,Guitar,2
0,Guitar,1
4,Guitar,4
2,Guitar,8
2,Guitar_Noisy,4
2,Guitar,9
0,Guitar,8
0,Guitar,8
0,Guitar,2
1,Guitar,0
2,Guitar,9
0,Guitar,8
3,Guitar,0
110,Guitar,8
2,Guitar,4
2,Guitar,5
2,Guitar,1
0,Guitar,6
2,Guitar,0
0,Guitar,0
1,Guitar,4
2,Guitar,1
2,Guitar,9
2,Guitar,8
1,Guitar,7
4,Guitar,3
1,Guitar,8
2,Guitar,2
3,Guitar,0
2,Guitar,2
0,Guitar,7
0,Guitar,1
4,Guitar,9
2,Guitar,5
1,Guitar,0
4,Guitar,9
2,Guitar,9
3,Guitar,0
0,Guitar,7
3,Guitar,8
3,Guitar,5
4,Guitar,3
1,Guitar,8
3,Guitar,6
4,Guitar,6
1,Guitar,9
6,Guitar,1
3,Guitar,9
5,Guitar,4
3,Guitar,1
3,Guitar,4
0,Guitar,4
3,Guitar,4
1,Guitar,2
55,Guitar,8
2,Guitar,9
3,Guitar,8
4,Guitar,2
2,Guitar_Noisy,0
4,Guitar,9
2,Guitar,1
1,Guitar,6
1,Guitar,8
4,Guitar,0
2,Guitar,5
3,Guitar,3
0,Guitar,1
2,Guitar,6
1,Guitar,7
1,Guitar,4
21,Guitar,8
1,Guitar,7
2,Guitar,0
1,Guitar,7
1,Guitar,6
2,Guitar,9
3,Guitar,0
7,Guitar,3
37,Guitar,8
70,Guitar,8
1,Guitar,6
1,Guitar,9
0,Guitar,9
1,Guitar,7
142,Guitar,3
5,Guitar,3
0,Guitar,0
0,Guitar,8
2,Guitar_Noisy,7
1,Guitar,3
12,Guitar,8
1,Guitar,8
1,Guitar,7
3,Guitar,3
3,Guitar,7
3,Guitar,0
2,Guitar,7
3,Guitar,1
4,Guitar,6
2,Guitar,3
137,Guitar,8
3,Guitar,7
3,Guitar,4
0,Guitar,8
3,Guitar,5
0,Guitar,0
3,Guitar,8
0,Guitar,6
3,Guitar,4
0,Guitar,8
3,Guitar,2
1,Guitar,5
3,Guitar,2
2,Guitar,2
0,Guitar,4
1,Guitar,1
2,Guitar,4
2,Guitar,9
2,Guitar_Noisy,1
2,Guitar,4
0,Guitar,6
2,Guitar,1
0,Guitar,0
3,Guitar,6
2,Guitar,7
107,Guitar,8
1,Guitar,0
4,Guitar,3
3,Guitar_Noisy,5
2,Guitar,3
0,Guitar,1
2,Guitar,3
2,Guitar,2
0,Guitar,4
2,Guitar,0
0,Guitar,2
3,Guitar,2
1,Guitar,3
1,Guitar,4
3,Guitar,2
3,Guitar,8
1,Guitar,1
65,Guitar,8
3,Guitar,4
4,Guitar,6
4,Guitar,6
5,Guitar,6
1,Guitar,7
4,Guitar,4
2,Guitar,6
1,Guitar,3
25,Guitar,8
2,Guitar,5
103,Guitar,3
0,Guitar,6
2,Guitar,7
0,Guitar,8
1,Guitar,4
6,Guitar,6
0,Guitar,9
0,Guitar,4
1,Guitar,2
1,Guitar,5
0,Guitar,9
5,Guitar,6
152,Guitar,3
3,Guitar,1
0,Guitar,1
1,Guitar,6
4,Guitar,1
7,Guitar,6
1,Guitar,2
0,Guitar,2
0,Guitar,8
4,Guitar,4
127,Guitar,3
3,Guitar,2
2,Guitar,3
5,Guitar,8
3,Guitar,5
2,Guitar,1
4,Guitar,3
1,Guitar,8
2,Guitar,3
2,Guitar,3
2,Guitar,2
4,Guitar,1
1,Guitar,9
68,Guitar,8
1,Guitar,5
16,Guitar,3
29,Guitar,3
1,Guitar,3
55,Guitar,8
2,Guitar,9
2,Guitar,2
0,Guitar,6
0,Guitar,5
4,Guitar,6
3,Guitar,3
33,Guitar,8
2,Guitar,7
2,Guitar,1
1,Guitar_Noisy,2
3,Guitar,8
1,Guitar_Noisy,3
0,Guitar,2
0,Guitar,0
0,Guitar,8
4,Guitar,3
1,Guitar,6
24,Guitar,8
0,Guitar,9
2,Guitar,8
1,Guitar,7
10,Guitar,3
4,Guitar,9
4,Guitar,4
103,Guitar,3
0,Guitar,2
1,Guitar,5
3,Guitar,8
2,Guitar,0
3,Guitar,0
2,Guitar,4
2,Guitar,9
0,Guitar,5
3,Guitar,9
4,Guitar,0
122,Guitar,3
2,Guitar,3
1,Guitar,4
2,Guitar,6
1,Guitar,5
4,Guitar,1
3,Guitar,9
33,Guitar,3
2,Guitar,8
2,Guitar,9
0,Guitar,3
1,Guitar,7
4,Guitar,9
3,Guitar,6
3,Guitar,9
0,Guitar,6
3,Guitar,7
1,Guitar,3
2,Guitar,0
128,Guitar,3
2,Guitar,1
3,Guitar,2
48,Guitar,3
1,Guitar,3
3,Guitar,3
0,Guitar,0
0,Guitar,4
4,Guitar,7
2,Guitar,1
36,Guitar,8
2,Guitar,7
1,Guitar,7
4,Guitar,5
2,Guitar,7
4,Guitar,6
28,Guitar,8
0,Guitar,1
0,Guitar,1
4,Guitar,5
4,Guitar,6
64,Guitar,8
0,Guitar,6
0,Guitar,0
0,Guitar,6
4,Guitar,1
1,Guitar,8
5,Guitar,6
0,Guitar,7
1,Guitar,4
1,Guitar,7
0,Guitar,7
3,Guitar,1
3,Guitar,6
5,Guitar,3
4,Guitar,9
4,Guitar,3
3,Guitar,0
2,Guitar,0
3,Guitar,2
55,Guitar,3
4,Guitar,6
4,Guitar,6
0,Guitar,5
6,Guitar,4
0,Guitar,6
0,Guitar,7
1,Guitar,1
2,Guitar,3
0,Guitar,5
2,Guitar,1
3,Guitar,5
0,Guitar,3
1,Guitar,8
1,Guitar,2
2,Guitar,2
144,Guitar,3
2,Guitar,1
6,Guitar,6
0,Guitar,2
0,Guitar,6
0,Guitar,4
0,Guitar,7
1,Guitar,9
121,Guitar,8
2,Guitar,1
1,Guitar,4
1,Guitar,0
1,Guitar,1
1,Guitar,4
4,Guitar,5
0,Guitar,6
1,Guitar,7
0,Guitar,5
56,Guitar,3
3,Guitar,8
0,Guitar,1
2,Guitar,1
0,Guitar,1
3,Guitar,8
112,Guitar,3
2,Guitar,0
1,Guitar,3
3,Guitar,7
1,Guitar_Noisy,8
1,Guitar,6
2,Guitar_Noisy,6
3,Guitar,4
1,Guitar,1
0,Guitar,1
3,Guitar,9
2,Guitar,8
1,Guitar,1
112,Guitar,8
1,Guitar,2
1,Guitar,7
2,Guitar,6
1,Guitar,2
0,Guitar,1
3,Guitar,4
147,Guitar,8
2,Guitar,2
0,Guitar,3
1,Guitar,9
3,Guitar,1
3,Guitar,5
2,Guitar,4
0,Guitar,2
69,Guitar,3
1,Guitar,3
0,Guitar,5
0,Guitar,8
41,Guitar,3
4,Guitar,1
1,Guitar,4
1,Guitar_Noisy,3
2,Guitar,4
0,Guitar,7
2,Guitar,9
1,Guitar,7
2,Guitar,9
3,Guitar,9
0,Guitar,3
0,Guitar,1
74,Guitar,3
5,Guitar,6
4,Guitar,9
2,Guitar,3
4,Guitar,6
0,Guitar,8
1,Guitar,7
3,Guitar,0
0,Guitar,3
3,Guitar,7
141,Guitar,3
3,Guitar,1
1,Guitar,5
1,Guitar,6
1,Guitar,1
3,Guitar,7
0,Guitar,9
2,Guitar,0
3,Guitar,7
1,Guitar,1
2,Guitar,3
1,Guitar,6
2,Guitar,2
1,Guitar_Noisy,5
3,Guitar,2
1,Guitar,5
148,Guitar,3
0,Guitar,6
2,Guitar,4
3,Guitar,1
3,Guitar,0
2,Guitar,4
111,Guitar,8
0,Guitar_Noisy,0
0,Guitar,9
2,Guitar,2
4,Guitar,0
4,Guitar,3
3,Guitar,3
0,Guitar,1
3,Guitar,4
2,Guitar,9
3,Guitar,8
2,Guitar_Noisy,3
1,Guitar,9
0,Guitar,0
4,Guitar,8
1,Guitar,1
3,Guitar,5
1,Guitar,5
0,Guitar,2
4,Guitar,6
1,Guitar,9
2,Guitar,0
0,Guitar,6
0,Guitar,5
2,Guitar,8
3,Guitar,5
0,Guitar,2
0,Guitar,3
1,Guitar,8
2,Guitar,0
1,Guitar,8
3,Guitar,1
4,Guitar,5
2,Guitar,6
2,Guitar,5
5,Guitar,6
0,Guitar,1
2,Guitar,1
0,Guitar,8
1,Guitar,3
4,Guitar,5
7,Guitar,6
4,Guitar,9
2,Guitar,6
2,Guitar,4
1,Guitar,2
3,Guitar,4
0,Guitar,8
1,Guitar,3
1,Guitar,6
0,Guitar,2
3,Guitar,5
0,Guitar,0
3,Guitar,9
7,Guitar,6
3,Guitar,7
0,Guitar,6
2,Guitar_Noisy,2
54,Guitar,8
0,Guitar,1
0,Guitar,3
0,Guitar,6
2,Guitar,8
3,Guitar,9
3,Guitar,2
1,Guitar,5
2,Guitar,2
1,Guitar,4
2,Guitar,7
1,Guitar,2
1,Guitar,0
0,Guitar_Noisy,4
2,Guitar,4
3,Guitar,0
2,Guitar,8
0,Guitar,9
0,Guitar,6
6,Guitar,6
0,Guitar,3
0,Guitar,6
2,Guitar,0
2,Guitar,4
1,Guitar,2
2,Guitar,7
2,Guitar,6
3,Guitar,7
2,Guitar_Noisy,9
4,Guitar,5
3,Guitar,4
0,Guitar,7
3,Guitar,0
0,Guitar,1
0,Guitar,5
1,Guitar,3
1,Guitar,1
3,Guitar,1
117,Guitar,8
3,Guitar,4
2,Guitar,9
4,Guitar,7
2,Guitar,8
1,Guitar,9
4,Guitar,0
3,Guitar,3
1,Guitar,5
0,Guitar,7
1,Guitar,9
0,Guitar,4
2,Guitar,1
0,Guitar,7
3,Guitar,1
3,Guitar,8
3,Guitar,4
2,Guitar,0
0,Guitar,5
54,Guitar,3
3,Guitar,3
1,Guitar,1
1,Guitar,7
2,Guitar,0
0,Guitar,1
2,Guitar,7
2,Guitar,8
2,Guitar,9
3,Guitar,8
0,Guitar,1
4,Guitar,7
3,Guitar,7
1,Guitar,9
0,Guitar,7
3,Guitar,3
3,Guitar,9
51,Guitar,8
2,Guitar,0
3,Guitar,6
0,Guitar,3
2,Guitar,9
14,Guitar,8
2,Guitar,2
4,Guitar,1
66,Guitar,3
6,Guitar,9
3,Guitar,3
1,Guitar,8
0,Guitar,5
1,Guitar,9
1,Guitar,5
0,Guitar,9
0,Guitar,1
4,Guitar,3
5,Guitar,4
1,Guitar,6
4,Guitar,7
1,Guitar,6
1,Guitar,9
0,Guitar,1
103,Guitar,8
2,Guitar_Noisy,0
4,Guitar,9
0,Guitar,3
2,Guitar,7
0,Guitar,2
5,Guitar,9
2,Guitar,0
3,Guitar,6
4,Guitar,0
4,Guitar,2
4,Guitar,1
0,Guitar_Noisy,9
2,Guitar,9
4,Guitar,1
1,Guitar,9
2,Guitar,3
2,Guitar,9
4,Guitar,8
1,Guitar,9
1,Guitar,6
1,Guitar,2
2,Guitar,3
2,Guitar,8
1,Guitar,1
0,Guitar,6
112,Guitar,8
2,Guitar,4
2,Guitar,2
2,Guitar,7
1,Guitar_Noisy,7
2,Guitar,5
0,Guitar,4
1,Guitar_Noisy,7
4,Guitar,9
1,Guitar,1
0,Guitar,8
3,Guitar,6
4,Guitar,8
0,Guitar,9
1,Guitar,9
4,Guitar,6
0,Guitar,3
73,Guitar,8
2,Guitar,0
4,Guitar,5
2,Guitar,9
2,Guitar,4
3,Guitar,0
3,Guitar,8
0,Guitar,3
0,Guitar_Noisy,8
1,Guitar,3
3,Guitar,6
4,Guitar,3
1,Guitar,0
0,Guitar,2
3,Guitar,2
5,Guitar,6
3,Guitar,4
1,Guitar,3
0,Guitar,6
4,Guitar,5
1,Guitar,2
1,Guitar,4
4,Guitar,6
3,Guitar,6
4,Guitar,7
0,Guitar,3
135,Guitar,8
3,Guitar,9
2,Guitar,4
1,Guitar,5
2,Guitar,8
2,Guitar,6
2,Guitar,6
2,Guitar,9
0,Guitar,8
154,Guitar,3
1,Guitar,6
0,Guitar,8
1,Guitar,1
1,Guitar,0
0,Guitar,6
132,Guitar,8
2,Guitar,4
2,Guitar,0
4,Guitar,0
6,Guitar,6
0,Guitar,7
3,Guitar,6
1,Guitar,7
3,Guitar,3
1,Guitar_Noisy,0
0,Guitar,9
2,Guitar,0
2,Guitar,5
23,Guitar,8
0,Guitar,7
4,Guitar,0
59,Guitar,3
2,Guitar,1
1,Guitar,2
2,Guitar,1
1,Guitar,0
0,Guitar,8
2,Guitar,7
0,Guitar,9
3,Guitar,8
5,Guitar,4
1,Guitar,9
6,Guitar,6
1,Guitar,2
1,Guitar,9
3,Guitar,6
0,Guitar_Noisy,4
1,Guitar,1
4,Guitar,2
0,Guitar,1
2,Guitar,8
0,Guitar,7
1,Guitar,9
3,Guitar,9
2,Guitar_Noisy,5
3,Guitar,4
3,Guitar,1
1,Guitar,3
0,Guitar,3
1,Guitar,1
3,Guitar,0
2,Guitar,3
0,Guitar,1
3,Guitar,0
0,Guitar,0
4,Guitar,8
4,Guitar,9
5,Guitar,3
1,Guitar,5
3,Guitar,4
2,Guitar,5
5,Guitar,3
2,Guitar,8
4,Guitar,9
0,Guitar_Noisy,2
60,Guitar,3
4,Guitar,0
1,Guitar,2
3,Guitar,9
1,Guitar,1
3,Guitar,0
38,Guitar,3
4,Guitar,6
1,Guitar,9
3,Guitar,5
0,Guitar,6
95,Guitar,8
0,Guitar,5
4,Guitar,3
1,Guitar,7
131,Guitar,8
5,Guitar,4
1,Guitar,5
0,Guitar_Noisy,4
0,Guitar,3
3,Guitar,1
4,Guitar,8
3,Guitar,0
3,Guitar,4
2,Guitar,4
4,Guitar,3
3,Guitar,1
0,Guitar,8
0,Guitar,6
0,Guitar,9
0,Guitar,7
1,Guitar,0
1,Guitar,1
5,Guitar,4
0,Guitar,2
0,Guitar,5
2,Guitar,7
110,Guitar,3
4,Guitar,8
1,Guitar,1
4,Guitar,5
0,Guitar,0
1,Guitar,6
2,Guitar,3
2,Guitar,3
0,Guitar,9
1,Guitar,3
4,Guitar,1
1,Guitar,4
0,Guitar,2
2,Guitar,0
0,Guitar,9
1,Guitar,0
5,Guitar,3
1,Guitar,5
62,Guitar,3
3,Guitar,6
3,Guitar,9
2,Guitar,4
0,Guitar,0
5,Guitar,3
1,Guitar,3
0,Guitar,9
0,Guitar,3
3,Guitar,2
1,Guitar,5
3,Guitar,1
2,Guitar,5
5,Guitar,6
3,Guitar,5
0,Guitar_Noisy,6
2,Guitar,2
0,Guitar,3
0,Guitar,8
0,Guitar,9
4,Guitar,6
2,Guitar,9
2,Guitar,2
0,Guitar,2
0,Guitar,3
3,Guitar,6
2,Guitar,1
0,Guitar,6
29,Guitar,8
2,Guitar,4
4,Guitar,1
1,Guitar,7
2,Guitar,9
3,Guitar,5
4,Guitar,6
1,Guitar,9
1,Guitar,8
2,Guitar,1
2,Guitar,9
0,Guitar,0
1,Guitar,5
0,Guitar,8
0,Guitar,8
0,Guitar,3
4,Guitar,5
2,Guitar,4
0,Guitar,9
1,Guitar,4
1,Guitar,8
3,Guitar,5
136,Guitar,3
0,Guitar,9
2,Guitar,0
2,Guitar,2
4,Guitar,1
2,Guitar,2
0,Guitar,7
1,Guitar,0
2,Guitar,3
0,Guitar,4
3,Guitar,4
1,Guitar,2
1,Guitar,7
2,Guitar,4
1,Guitar,1
1,Guitar,7
2,Guitar,6
0,Guitar,4
3,Guitar,1
3,Guitar,2
4,Guitar,8
3,Guitar,3
4,Guitar,4
5,Guitar,3
99,Guitar,8
1,Guitar,9
2,Guitar,3
0,Guitar,5
2,Guitar,8
7,Guitar,6
1,Guitar,1
2,Guitar,6
0,Guitar,2
0,Guitar,7
2,Guitar,4
1,Guitar,0
2,Guitar,7
0,Guitar_Noisy,4
0,Guitar,2
2,Guitar,7
5,Guitar,6
1,Guitar,8
1,Guitar,1
1,Guitar,8
0,Guitar,4
2,Guitar,9
0,Guitar,8
3,Guitar,1
1,Guitar,7
4,Guitar,3
3,Guitar,7
4,Guitar,9
2,Guitar,7
1,Guitar,6
2,Guitar,1
1,Guitar,4
0,Guitar,8
1,Guitar,3
166,Guitar,3
3,Guitar,1
0,Guitar,4
2,Guitar,5
1,Guitar,0
3,Guitar,0
0,Guitar,9
0,Guitar,9
0,Guitar,5
1,Guitar,5
2,Guitar,0
0,Guitar_Noisy,0
5,Guitar,3
0,Guitar,0
4,Guitar,9
0,Guitar,2
0,Guitar,3
5,Guitar,6
0,Guitar,2
1,Guitar,1
2,Guitar,2
1,Guitar,4
1,Guitar,8
3,Guitar,7
2,Guitar,3
3,Guitar,3
2,Guitar,9
1,Guitar,0
2,Guitar,9
1,Guitar,1
3,Guitar,4
3,Guitar,4
1,Guitar,4
0,Guitar,3
2,Guitar,4
3,Guitar,9
2,Guitar,6
137,Guitar,8
0,Guitar,3
4,Guitar,2
6,Guitar,6
4,Guitar,3
3,Guitar,9
0,Guitar,1
3,Guitar,1
3,Guitar,6
0,Guitar,6
3,Guitar,1
1,Guitar,3
1,Guitar,8
4,Guitar,1
1,Guitar,1
2,Guitar,5
3,Guitar,7
0,Guitar,6
0,Guitar,4
1,Guitar,6
1,Guitar,4
1,Guitar_Noisy,2
2,Guitar,1
1,Guitar,5
0,Guitar,7
5,Guitar,9
1,Guitar,3
0,Guitar,9
1,Guitar,5
0,Guitar,5
2,Guitar,7
2,Guitar,7
3,Guitar,2
1,Guitar,3
4,Guitar,3
0,Guitar,3
4,Guitar,3
5,Guitar,3
2,Guitar,2
0,Guitar,8
4,Guitar,4
1,Guitar,5
1,Guitar,7
1,Guitar,0
3,Guitar,2
2,Guitar,3
1,Guitar_Noisy,7
0,Guitar,4
1,Guitar,4
84,Guitar,8
3,Guitar,1
2,Guitar,1
3,Guitar,5
2,Guitar,1
0,Guitar,4
0,Guitar,5
0,Guitar,8
0,Guitar,1
3,Guitar,8
3,Guitar,1
4,Guitar,0
4,Guitar,3
2,Guitar,3
3,Guitar,9
2,Guitar,3
3,Guitar,9
1,Guitar,3
4,Guitar,4
3,Guitar,8
1,Guitar,5
2,Guitar,4
3,Guitar,9
2,Guitar,8
3,Guitar,9
23,Guitar,3
4,Guitar,6
1,Guitar,6
3,Guitar,0
2,Guitar,7
3,Guitar,6
1,Guitar,5
2,Guitar,0
2,Guitar,9
3,Guitar,4
1,Guitar,3
119,Guitar,3
3,Guitar,8
1,Guitar,0
1,Guitar,0
0,Guitar,4
1,Guitar,4
1,Guitar,3
0,Guitar,9
1,Guitar,4
2,Guitar,9
3,Guitar,3
128,Guitar,3
0,Guitar,1
2,Guitar,9
123,Guitar,8
3,Guitar,7
1,Guitar,2
4,Guitar,5
3,Guitar,5
3,Guitar,8
1,Guitar,3
2,Guitar,2
75,Guitar,3
1,Guitar,4
3,Guitar,6
1,Guitar,4
3,Guitar,6
4,Guitar,9
3,Guitar,8
1,Guitar,5
0,Guitar,9
1,Guitar,3
3,Guitar,3
4,Guitar,4
3,Guitar,9
1,Guitar,3
4,Guitar,6
3,Guitar,5
2,Guitar,3
0,Guitar,1
3,Guitar,3
1,Guitar,3
11,Guitar,8
2,Guitar,7
2,Guitar,1
4,Guitar,8
2,Guitar,0
2,Guitar,6
4,Guitar,9
2,Guitar,3
2,Guitar_Noisy,8
1,Guitar,0
2,Guitar,6
5,Guitar,4
4,Guitar,3
0,Guitar,9
0,Guitar,0
0,Guitar,1
0,Guitar,6
2,Guitar,5
61,Guitar,8
1,Guitar,8
0,Guitar,6
1,Guitar_Noisy,9
2,Guitar,6
1,Guitar,3
35,Guitar,8
1,Guitar,0
3,Guitar,0
3,Guitar,0
3,Guitar,1
0,Guitar,8
2,Guitar,3
4,Guitar,6
1,Guitar,8
1,Guitar,3
3,Guitar,8
0,Guitar,1
1,Guitar,1
3,Guitar,6
2,Guitar,2
3,Guitar,3
3,Guitar,2
3,Guitar,9
2,Guitar,5
0,Guitar,4
1,Guitar,3
3,Guitar,1
4,Guitar,4
1,Guitar_Noisy,5
1,Guitar,0
1,Guitar,0
3,Guitar,7
2,Guitar,4
0,Guitar,4
4,Guitar,9
1,Guitar,7
1,Guitar,9
0,Guitar,4
0,Guitar,9
1,Guitar,1
6,Guitar,9
3,Guitar,0
1,Guitar,1
1,Guitar,1
1,Guitar,7
0,Guitar,6
3,Guitar,9
1,Guitar,6
3,Guitar,6
0,Guitar,2
3,Guitar,4
3,Guitar,7
1,Guitar,3
2,Guitar,7
5,Guitar,4
1,Guitar,2
0,Guitar,1
2,Guitar,8
1,Guitar,0
1,Guitar,1
1,Guitar,4
2,Guitar,0
4,Guitar,1
1,Guitar,2
2,Guitar,7
1,Guitar,1
0,Guitar,9
4,Guitar,6
0,Guitar,9
0,Guitar,3
1,Guitar,8
4,Guitar,0
2,Guitar,8
3,Guitar,6
4,Guitar,4
3,Guitar,8
3,Guitar,6
100,Guitar,3
0,Guitar,6
2,Guitar,6
4,Guitar,5
3,Guitar,6
2,Guitar,5
2,Guitar,6
3,Guitar,5
2,Guitar,6
1,Guitar,5
0,Guitar,3
5,Guitar,3
1,Guitar,4
3,Guitar,2
2,Guitar,7
3,Guitar,4
0,Guitar,2
0,Guitar,9
1,Guitar,7
4,Guitar,6
0,Guitar,5
2,Guitar,7
1,Guitar_Noisy,0
1,Guitar,7
159,Guitar,3
2,Guitar,4
1,Guitar,6
4,Guitar,9
2,Guitar,6
1,Guitar,1
0,Guitar,0
0,Guitar,2
4,Guitar,5
0,Guitar,7
2,Guitar,7
2,Guitar,3
6,Guitar,6
3,Guitar,2
1,Guitar,7
2,Guitar,9
0,Guitar,5
1,Guitar_Noisy,9
2,Guitar,4
0,Guitar,3
2,Guitar,4
1,Guitar,6
3,Guitar,5
1,Guitar,7
4,Guitar,1
1,Guitar,0
5,Guitar,1
0,Guitar,4
3,Guitar,6
3,Guitar,6
1,Guitar,6
4,Guitar,1
1,Guitar,2
3,Guitar,1
2,Guitar,0
2,Guitar_Noisy,2
1,Guitar,0
4,Guitar,5
2,Guitar,0
1,Guitar,8
4,Guitar,1
0,Guitar,3
4,Guitar,5
0,Guitar,7
0,Guitar,7
1,Guitar,7
3,Guitar,7
4,Guitar,3
4,Guitar,1
3,Guitar,9
4,Guitar,1
0,Guitar,6
0,Guitar,4
3,Guitar,1
111,Guitar,3
2,Guitar,9
53,Guitar,8
1,Guitar,7
5,Guitar,1
0,Guitar,0
5,Guitar,9
45,Guitar,8
2,Guitar,5
0,Guitar,4
1,Guitar,9
3,Guitar,6
2,Guitar,5
4,Guitar,3
18,Guitar,3
4,Guitar,5
3,Guitar,1
2,Guitar,8
1,Guitar,2
3,Guitar,6
1,Guitar,2
3,Guitar,6
1,Guitar_Noisy,4
1,Guitar,1
0,Guitar,7
0,Guitar,1
3,Guitar,1
3,Guitar,3
1,Guitar,5
66,Guitar,8
47,Guitar,3
2,Guitar,8
2,Guitar,4
138,Guitar,3
0,Guitar,1
0,Guitar,6
1,Guitar,2
86,Guitar,8
4,Guitar,0
4,Guitar,7
4,Guitar,6
49,Guitar,3
0,Guitar,7
0,Guitar,8
2,Guitar,6
0,Guitar,1
3,Guitar,4
4,Guitar,6
0,Guitar,3
3,Guitar,9
3,Guitar,3
2,Guitar,9
0,Guitar,0
3,Guitar,8
2,Guitar,8
4,Guitar,9
1,Guitar,3
3,Guitar,5
2,Guitar,3
3,Guitar,4
2,Guitar,0
0,Guitar,3
2,Guitar,1
2,Guitar,4
1,Guitar,0
1,Guitar,5
2,Guitar,6
0,Guitar,6
4,Guitar,7
3,Guitar,4
3,Guitar,8
2,Guitar,1
4,Guitar,9
3,Guitar_Noisy,0
0,Guitar,1
1,Guitar,0
3,Guitar,6
2,Guitar,0
2,Guitar,1
2,Guitar,2
2,Guitar,7
0,Guitar,9
0,Guitar,2
2,Guitar,0
58,Guitar,8
0,Guitar,4
3,Guitar,9
2,Guitar,3
1,Guitar,6
0,Guitar,8
4,Guitar,7
2,Guitar,7
3,Guitar,5
2,Guitar,7
0,Guitar,5
5,Guitar,6
3,Guitar,5
0,Guitar_Noisy,1
3,Guitar,9
4,Guitar,6
1,Guitar,9
2,Guitar,2
1,Guitar,1
5,Guitar,3
4,Guitar,3
3,Guitar,5
1,Guitar,3
0,Guitar,8
102,Guitar,8
3,Guitar,7
0,Guitar,1
1,Guitar,4
0,Guitar,8
3,Guitar,1
2,Guitar,5
1,Guitar,5
4,Guitar,8
0,Guitar,5
1,Guitar,8
5,Guitar,7
2,Guitar,5
4,Guitar,8
3,Guitar,2
1,Guitar,0
1,Guitar,8
6,Guitar,4
1,Guitar,1
0,Guitar,7
5,Guitar,3
0,Guitar,5
3,Guitar,7
1,Guitar,4
1,Guitar,7
4,Guitar,5
4,Guitar,6
1,Guitar,0
0,Guitar,6
0,Guitar,1
2,Guitar,6
0,Guitar,4
4,Guitar,3
0,Guitar,7
163,Guitar,3
3,Guitar,3
0,Guitar,5
4,Guitar,9
0,Guitar,6
0,Guitar,7
0,Guitar,7
0,Guitar,5
2,Guitar,2
5,Guitar,3
1,Guitar,1
4,Guitar,9
1,Guitar,1
2,Guitar,2
3,Guitar,7
4,Guitar,5
3,Guitar,3
3,Guitar,7
3,Guitar,6
0,Guitar,9
4,Guitar,3
0,Guitar,6
3,Guitar,5
3,Guitar,5
0,Guitar_Noisy,8
98,Guitar,8
2,Guitar,0
2,Guitar,4
2,Guitar,5
1,Guitar,1
0,Guitar,5
3,Guitar,1
1,Guitar,2
4,Guitar,7
2,Guitar,2
1,Guitar,4
0,Guitar,8
1,Guitar,4
3,Guitar,0
4,Guitar,9
2,Guitar,3
4,Guitar,5
3,Guitar,6
1,Guitar,0
3,Guitar,9
1,Guitar,5
0,Guitar,9
3,Guitar,6
1,Guitar,1
1,Guitar,3
0,Guitar,4
3,Guitar,8
3,Guitar,1
2,Guitar,6
1,Guitar,7
3,Guitar,0
5,Guitar,4
1,Guitar,3
0,Guitar,0
3,Guitar,4
1,Guitar,7
0,Guitar,6
2,Guitar,3
3,Guitar,9
0,Guitar,5
3,Guitar,6
2,Guitar,4
4,Guitar,8
122,Guitar,3
0,Guitar,9
3,Guitar,3
3,Guitar,1
0,Guitar,0
0,Guitar,4
2,Guitar,8
0,Guitar,8
4,Guitar,4
3,Guitar,5
4,Guitar,6
2,Guitar,9
0,Guitar,4
4,Guitar,1
2,Guitar,4
0,Guitar,9
2,Guitar,8
2,Guitar,2
2,Guitar,2
1,Guitar,4
1,Guitar,0
3,Guitar,1
2,Guitar,9
1,Guitar,7
4,Guitar,2
4,Guitar,6
4,Guitar,1
75,Guitar,3
2,Guitar,9
1,Guitar,5
1,Guitar,0
0,Guitar,6
0,Guitar,4
3,Guitar,1
4,Guitar,3
1,Guitar,0
0,Guitar,9
2,Guitar,6
2,Guitar,2
3,Guitar,1
0,Guitar,8
1,Guitar,1
3,Guitar,2
2,Guitar,8
4,Guitar,7
1,Guitar,8
0,Guitar,1
0,Guitar,3
0,Guitar,9
7,Guitar,9
4,Guitar,6
2,Guitar,3
67,Guitar,3
4,Guitar,4
5,Guitar,7
2,Guitar,8
0,Guitar,0
4,Guitar,3
0,Guitar,3
2,Guitar,0
0,Guitar,9
5,Guitar,3
2,Guitar,5
1,Guitar,5
3,Guitar,9
2,Guitar,7
1,Guitar_Noisy,8
0,Guitar,3
0,Guitar,5
1,Guitar,0
2,Guitar,3
3,Guitar,5
0,Guitar,9
1,Guitar,0
1,Guitar,2
2,Guitar,0
1,Guitar,6
0,Guitar,5
2,Guitar,2
2,Guitar,5
130,Guitar,8
3,Guitar,8
2,Guitar_Noisy,8
1,Guitar,8
7,Guitar,6
4,Guitar,4
4,Guitar,2
6,Guitar,3
3,Guitar,9
1,Guitar,4
3,Guitar,1
3,Guitar,0
7,Guitar,6
66,Guitar,3
2,Guitar,6
0,Guitar,2
1,Guitar,0
57,Guitar,8
4,Guitar,0
3,Guitar,7
3,Guitar,2
3,Guitar,7
1,Guitar,4
0,Guitar,5
0,Guitar,8
0,Guitar,5
0,Guitar,9
3,Guitar,8
3,Guitar,5
3,Guitar_Noisy,3
0,Guitar,5
2,Guitar,1
2,Guitar,7
0,Guitar,3
3,Guitar,9
0,Guitar,0
4,Guitar,1
0,Guitar,0
0,Guitar,8
3,Guitar,1
1,Guitar,3
3,Guitar,5
2,Guitar,2
3,Guitar,9
0,Guitar,5
2,Guitar,4
0,Guitar,6
0,Guitar,4
2,Guitar,0
3,Guitar,6
4,Guitar,1
0,Guitar,6
2,Guitar,4
2,Guitar,2
4,Guitar,2
6,Guitar,6
1,Guitar,4
2,Guitar,3
4,Guitar,7
4,Guitar,6
2,Guitar,0
0,Guitar,1
1,Guitar,0
0,Guitar,5
1,Guitar,4
1,Guitar,1
4,Guitar,6
1,Guitar,9
4,Guitar,3
117,Guitar,3
4,Guitar,5
2,Guitar,5
4,Guitar,1
1,Guitar,9
2,Guitar,0
1,Guitar,9
2,Guitar,2
2,Guitar,3
0,Guitar,2
2,Guitar,7
0,Guitar,5
5,Guitar,3
6,Guitar,9
34,Guitar,8
3,Guitar,8
3,Guitar,4
2,Guitar,5
0,Guitar,3
1,Guitar,0
2,Guitar,7
122,Guitar,8
2,Guitar,2
4,Guitar,1
1,Guitar,0
4,Guitar,3
28,Guitar,3
3,Guitar,8
0,Guitar,1
3,Guitar,2
3,Guitar,6
3,Guitar,3
5,Guitar,6
2,Guitar,2
3,Guitar,8
0,Guitar,9
0,Guitar,3
1,Guitar,7
5,Guitar,1
4,Guitar,1
3,Guitar,5
4,Guitar,3
8,Guitar,6
3,Guitar,8
1,Guitar,8
0,Guitar,0
4,Guitar,7
1,Guitar,6
1,Guitar,9
1,Guitar,9
0,Guitar,4
2,Guitar,6
0,Guitar,2
0,Guitar,4
3,Guitar,5
3,Guitar,3
1,Guitar,5
2,Guitar,6
1,Guitar,4
2,Guitar,2
1,Guitar,7
1,Guitar,4
0,Guitar,2
1,Guitar,5
0,Guitar,3
0,Guitar_Noisy,1
2,Guitar,5
1,Guitar,3
1,Guitar,3
0,Guitar,9
1,Guitar,9
1,Guitar,3
0,Guitar,7
3,Guitar,6
1,Guitar,5
1,Guitar,2
0,Guitar,4
3,Guitar,9
2,Guitar,1
0,Guitar,6
0,Guitar,3
4,Guitar,8
6,Guitar,6
1,Guitar,2
0,Guitar,2
0,Guitar,1
0,Guitar,6
2,Guitar,8
7,Guitar,6
3,Guitar,3
1,Guitar,6
1,Guitar,8
0,Guitar,1
4,Guitar,1
3,Guitar,8
0,Guitar_Noisy,2
1,Guitar,9
2,Guitar,6
0,Guitar,0
3,Guitar,4
1,Guitar,0
0,Guitar,4
6,Guitar,4
2,Guitar,0
0,Guitar,3
2,Guitar,7
1,Guitar,3
0,Guitar,2
0,Guitar,2
3,Guitar,0
15,Guitar,8
0,Guitar_Noisy,7
3,Guitar,8
0,Guitar,2
3,Guitar,5
2,Guitar,3
43,Guitar,3
168,Guitar,3
0,Guitar,9
101,Guitar,3
2,Guitar,3
3,Guitar,5
1,Guitar,2
2,Guitar,0
0,Guitar,9
1,Guitar,9
1,Guitar,3
0,Guitar,0
5,Guitar,8
1,Guitar,7
0,Guitar,2
3,Guitar,9
2,Guitar,0
3,Guitar,1
0,Guitar,7
1,Guitar_Noisy,9
1,Guitar,6
3,Guitar,0
0,Guitar,0
1,Guitar,6
0,Guitar,3
1,Guitar,3
2,Guitar,1
0,Guitar,1
2,Guitar,6
1,Guitar,5
0,Guitar,8
4,Guitar,4
1,Guitar,0
0,Guitar_Noisy,1
3,Guitar,4
160,Guitar,3
0,Guitar,4
1,Guitar,5
2,Guitar,1
1,Guitar,0
0,Guitar,0
3,Guitar,5
1,Guitar,0
13,Guitar,3
2,Guitar,2
2,Guitar,0
2,Guitar,0
7,Guitar,8
3,Guitar,3
1,Guitar,5
3,Guitar,4
2,Guitar,4
161,Guitar,3
5,Guitar,6
9,Guitar,8
1,Guitar,8
4,Guitar,2
1,Guitar,4
123,Guitar,3
0,Guitar,3
0,Guitar,6
1,Guitar,7
3,Guitar,8
19,Guitar,8
0,Guitar,0
2,Guitar,2
2,Guitar,6
3,Guitar,6
1,Guitar,5
2,Guitar,1
2,Guitar,4
1,Guitar_Noisy,3
4,Guitar,4
2,Guitar,0
133,Guitar,8
3,Guitar,5
0,Guitar,5
88,Guitar,8
3,Guitar,1
0,Guitar,2
0,Guitar,1
0,Guitar_Noisy,0
2,Guitar,8
71,Guitar,3
1,Guitar,6
3,Guitar,2
1,Guitar,0
2,Guitar,9
1,Guitar,6
3,Guitar,2
0,Guitar,4
1,Guitar_Noisy,8
5,Guitar,1
1,Guitar,2
3,Guitar,2
4,Guitar,4
2,Guitar,3
0,Guitar,2
2,Guitar,7
1,Guitar,2
1,Guitar,0
1,Guitar,8
0,Guitar,6
2,Guitar,9
0,Guitar,2
2,Guitar,9
2,Guitar,7
2,Guitar,6
2,Guitar,8
3,Guitar,1
2,Guitar,6
2,Guitar_Noisy,1
1,Guitar,6
2,Guitar,4
1,Guitar,8
2,Guitar,0
1,Guitar,7
3,Guitar,5
2,Guitar,2
2,Guitar,0
4,Guitar,4
4,Guitar,9
0,Guitar,5
0,Guitar,4
3,Guitar,1
5,Guitar,1
2,Guitar,0
1,Guitar,3
0,Guitar,2
78,Guitar,8
109,Guitar,8
3,Guitar,6
1,Guitar,2
2,Guitar,3
2,Guitar,9
0,Guitar,6
1,Guitar,4
1,Guitar,6
2,Guitar,7
0,Guitar,8
4,Guitar,3
1,Guitar_Noisy,3
0,Guitar,2
0,Guitar,5
2,Guitar,0
0,Guitar,1
2,Guitar,5
2,Guitar,9
0,Guitar,4
2,Guitar,7
1,Guitar,0
120,Guitar,3
2,Guitar,8
2,Guitar,1
0,Guitar,4
4,Guitar,4
2,Guitar,7
0,Guitar,2
4,Guitar,3
1,Guitar,6
1,Guitar,4
0,Guitar,6
1,Guitar,3
81,Guitar,8
3,Guitar,9
4,Guitar,1
5,Guitar,4
0,Guitar,5
4,Guitar,7
1,Guitar,9
2,Guitar,7
3,Guitar,6
1,Guitar,2
2,Guitar,3
4,Guitar,6
1,Guitar,4
1,Guitar,0
3,Guitar,9
1,Guitar,8
2,Guitar,5
1,Guitar,5
0,Guitar,9
2,Guitar,1
5,Guitar,4
0,Guitar,5
0,Guitar,6
0,Guitar,9
0,Guitar,2
1,Guitar,2
4,Guitar,3
4,Guitar,5
3,Guitar,3
1,Guitar,6
4,Guitar,3
2,Guitar,6
0,Guitar_Noisy,7
3,Guitar,4
0,Guitar,6
3,Guitar,0
2,Guitar,0
1,Guitar_Noisy,7
1,Guitar_Noisy,1
0,Guitar,1
0,Guitar,2
2,Guitar,5
1,Guitar,2
4,Guitar,7
1,Guitar,5
3,Guitar,2
0,Guitar,7
3,Guitar,7
2,Guitar,6
0,Guitar,8
4,Guitar,4
4,Guitar,7
2,Guitar,4
1,Guitar,4
0,Guitar,1
8,Guitar,8
3,Guitar,4
1,Guitar,8
0,Guitar,9
2,Guitar,9
2,Guitar,2
2,Guitar,4
1,Guitar,8
2,Guitar,3
46,Guitar,8
2,Guitar,4
0,Guitar,2
0,Guitar,3
0,Guitar,7
2,Guitar,7
1,Guitar,9
2,Guitar,7
1,Guitar,1
0,Guitar,7
2,Guitar,6
2,Guitar,0
1,Guitar_Noisy,5
0,Guitar,2
4,Guitar,4
0,Guitar,7
63,Guitar,3
4,Guitar,3
1,Guitar_Noisy,2
1,Guitar,6
3,Guitar,3
103,Guitar,8
0,Guitar,2
0,Guitar,6
7,Guitar,6
6,Guitar,3
1,Guitar,8
3,Guitar,2
4,Guitar,9
5,Guitar,7
3,Guitar,8
2,Guitar,6
2,Guitar,5
4,Guitar,3
2,Guitar,7
2,Guitar,1
2,Guitar,4
3,Guitar,8
3,Guitar,6
0,Guitar,8
3,Guitar,4
2,Guitar,9
4,Guitar,3
3,Guitar,6
4,Guitar,9
4,Guitar,9
1,Guitar,8
2,Guitar,2
3,Guitar,2
2,Guitar,3
5,Guitar,3
3,Guitar,1
1,Guitar,4
0,Guitar,3
3,Guitar,5
0,Guitar,0
2,Guitar,0
1,Guitar,5
4,Guitar,0
4,Guitar,5
2,Guitar,6
0,Guitar,5
1,Guitar,9
4,Guitar,0
2,Guitar,0
1,Guitar,4
0,Guitar,9
3,Guitar,2
3,Guitar,6
2,Guitar,4
0,Guitar_Noisy,4
3,Guitar,3
3,Guitar,1
2,Guitar,1
1,Guitar,0
3,Guitar,9
99,Guitar,8
1,Guitar,4
1,Guitar,8
3,Guitar,5
2,Guitar,1
3,Guitar,6
0,Guitar,7
3,Guitar,2
3,Guitar,5
1,Guitar,8
1,Guitar,3
2,Guitar,0
0,Guitar,8
1,Guitar,4
0,Guitar,3
0,Guitar,0
2,Guitar,1
0,Guitar,6
1,Guitar,8
3,Guitar,3
169,Guitar,3
2,Guitar,2
3,Guitar,9
4,Guitar,8
3,Guitar,3
4,Guitar,9
0,Guitar,6
0,Guitar,7
1,Guitar,2
2,Guitar,5
2,Guitar,3
53,Guitar,3
0,Guitar,4
2,Guitar,4
2,Guitar,6
1,Guitar,6
4,Guitar,4
0,Guitar,7
0,Guitar,8
3,Guitar,9
2,Guitar,1
1,Guitar,7
0,Guitar,4
2,Guitar,6
2,Guitar,9
3,Guitar,7
2,Guitar,5
3,Guitar,8
2,Guitar,1
2,Guitar,4
3,Guitar,5
1,Guitar,5
3,Guitar,2
3,Guitar,0
3,Guitar,9
3,Guitar,8
3,Guitar,7
4,Guitar,7
3,Guitar,5
0,Guitar,4
0,Guitar,0
2,Guitar,7
2,Guitar,5
3,Guitar,6
1,Guitar,1
1,Guitar,9
2,Guitar,8
5,Guitar,6
162,Guitar,3
3,Guitar,1
0,Guitar,9
0,Guitar,2
1,Guitar,6
2,Guitar,5
0,Guitar,5
1,Guitar,5
45,Guitar,8
0,Guitar,0
1,Guitar,9
0,Guitar,6
0,Guitar,3
4,Guitar,3
1,Guitar,9
0,Guitar,2
2,Guitar_Noisy,0
6,Guitar,6
3,Guitar,6
0,Guitar,3
3,Guitar,9
3,Guitar,3
0,Guitar,7
93,Guitar,8
1,Guitar,3
0,Guitar,8
0,Guitar,5
4,Guitar,3
2,Guitar,1
1,Guitar,4
1,Guitar,8
4,Guitar,3
2,Guitar,1
97,Guitar,8
2,Guitar,6
3,Guitar,1
0,Guitar,8
4,Guitar,8
2,Guitar,0
1,Guitar,2
5,Guitar,6
3,Guitar,0
2,Guitar,4
3,Guitar,4
3,Guitar,4
5,Guitar,6
2,Guitar,2
0,Guitar,7
5,Guitar,4
2,Guitar,9
2,Guitar,4
1,Guitar,8
6,Guitar,9
5,Guitar,3
2,Guitar,1
4,Guitar,7
1,Guitar,9
2,Guitar,9
2,Guitar,3
3,Guitar,9
0,Guitar,1
2,Guitar,3
2,Guitar,1
0,Guitar,3
1,Guitar,2
0,Guitar,8
1,Guitar,8
2,Guitar,1
2,Guitar_Noisy,5
2,Guitar,4
3,Guitar,8
3,Guitar,4
85,Guitar,3
1,Guitar,0
3,Guitar,4
1,Guitar,6
1,Guitar,8
2,Guitar_Noisy,3
3,Guitar,0
1,Guitar,3
4,Guitar,3
1,Guitar,0
2,Guitar,7
2,Guitar,3
1,Guitar,6
1,Guitar,3
3,Guitar,6
6,Guitar,9
2,Guitar,0
0,Guitar,3
1,Guitar,4
14,Guitar,8
19,Guitar,3
0,Guitar,3
0,Guitar,0
2,Guitar,6
1,Guitar,4
2,Guitar,1
1,Guitar,5
0,Guitar,9
138,Guitar,8
4,Guitar,5
0,Guitar,2
2,Guitar,3
1,Guitar,6
1,Guitar,9
5,Guitar,9
3,Guitar,1
1,Guitar,6
3,Guitar,6
2,Guitar,5
3,Guitar,9
2,Guitar,9
0,Guitar,5
57,Guitar,3
3,Guitar,0
0,Guitar,3
5,Guitar,6
4,Guitar,5
2,Guitar,0
0,Guitar,4
5,Guitar,9
0,Guitar,5
0,Guitar,2
3,Guitar,7
0,Guitar,1
2,Guitar,7
2,Guitar,0
50,Guitar,3
4,Guitar,1
1,Guitar,4
3,Guitar,5
3,Guitar,3
1,Guitar,0
4,Guitar,6
4,Guitar,8
1,Guitar,7
3,Guitar,6
0,Guitar,7
1,Guitar,4
1,Guitar,5
2,Guitar,5
0,Guitar,9
4,Guitar,9
2,Guitar,8
108,Guitar,3
0,Guitar,4
5,Guitar,9
5,Guitar,3
1,Guitar,6
1,Guitar,4
2,Guitar,1
3,Guitar,9
5,Guitar,6
0,Guitar,8
1,Guitar,1
4,Guitar,3
2,Guitar,0
0,Guitar,3
1,Guitar,7
0,Guitar,5
1,Guitar,2
0,Guitar,8
1,Guitar,4
1,Guitar,6
4,Guitar,6
7,Guitar,6
0,Guitar,1
1,Guitar,1
0,Guitar,4
3,Guitar,5
2,Guitar,8
1,Guitar,2
4,Guitar,6
2,Guitar,0
1,Guitar,8
5,Guitar,6
0,Guitar,0
1,Guitar,7
7,Guitar,1
0,Guitar,6
91,Guitar,8
4,Guitar,3
3,Guitar,7
1,Guitar,6
0,Guitar,6
1,Guitar,7
4,Guitar,7
2,Guitar,0
2,Guitar,3
72,Guitar,8
0,Guitar_Noisy,3
0,Guitar,0
2,Guitar,1
2,Guitar,9
0,Guitar,4
1,Guitar,9
0,Guitar,7
0,Guitar,7
0,Guitar,3
2,Guitar,0
3,Guitar,4
1,Guitar,6
0,Guitar,2
3,Guitar,2
4,Guitar,6
2,Guitar,8
1,Guitar,9
0,Guitar,7
2,Guitar,7
59,Guitar,8
2,Guitar,3
0,Guitar,2
90,Guitar,8
0,Guitar,6
8,Guitar,8
19,Guitar,8
33,Guitar,8
2,Guitar,6
4,Guitar,1
1,Guitar,6
3,Guitar,2
0,Guitar,4
3,Guitar,9
4,Guitar,1
0,Guitar,1
2,Guitar,4
0,Guitar,8
5,Guitar,4
1,Guitar,0
0,Guitar,7
0,Guitar,9
1,Guitar,1
3,Guitar,2
2,Guitar_Noisy,3
2,Guitar,1
1,Guitar,2
2,Guitar,4
2,Guitar,5
3,Guitar,2
0,Guitar_Noisy,2
0,Guitar,9
1,Guitar,3
3,Guitar,4
5,Guitar,4
1,Guitar,6
3,Guitar,0
1,Guitar,0
1,Guitar,8
3,Guitar,7
1,Guitar,8
4,Guitar,7
0,Guitar,4
2,Guitar,8
3,Guitar,8
4,Guitar,9
1,Guitar,5
4,Guitar,1
2,Guitar,5
0,Guitar,7
3,Guitar,8
0,Guitar,3
2,Guitar,8
3,Guitar,4
2,Guitar,0
3,Guitar,1
4,Guitar,8
105,Guitar,3
1,Guitar,1
0,Guitar_Noisy,0
2,Guitar,5
0,Guitar,6
3,Guitar,5
2,Guitar,1
3,Guitar,7
3,Guitar,9
3,Guitar,5
0,Guitar,4
3,Guitar,8
91,Guitar,3
1,Guitar,9
1,Guitar,6
3,Guitar,9
3,Guitar,2
1,Guitar,4
0,Guitar,3
2,Guitar,5
4,Guitar,1
1,Guitar,8
12,Guitar,8
3,Guitar,5
0,Guitar_Noisy,6
3,Guitar,6
2,Guitar,7
3,Guitar,8
2,Guitar,4
0,Guitar,5
3,Guitar,8
2,Guitar,6
1,Guitar,8
46,Guitar,3
2,Guitar_Noisy,2
3,Guitar,6
0,Guitar,7
0,Guitar,1
0,Guitar,7
93,Guitar,3
89,Guitar,3
3,Guitar,0
3,Guitar,3
1,Guitar,9
0,Guitar,6
2,Guitar,6
2,Guitar,3
1,Guitar,8
1,Guitar,5
2,Guitar,5
0,Guitar,4
2,Guitar,5
3,Guitar,6
6,Guitar,1
3,Guitar,9
0,Guitar,0
1,Guitar,0
0,Guitar,3
2,Guitar,7
0,Guitar,1
2,Guitar,7
4,Guitar,5
2,Guitar,1
1,Guitar,4
3,Guitar,2
3,Guitar,0
2,Guitar,3
3,Guitar,1
2,Guitar,3
2,Guitar,5
3,Guitar,7
2,Guitar,8
0,Guitar,2
1,Guitar,1
3,Guitar,4
0,Guitar,5
1,Guitar,1
2,Guitar,3
2,Guitar_Noisy,3
0,Guitar,9
1,Guitar,0
4,Guitar,8
3,Guitar,7
4,Guitar,3
3,Guitar,7
1,Guitar,2
3,Guitar,9
4,Guitar,5
1,Guitar,6
3,Guitar,8
3,Guitar,6
4,Guitar,4
4,Guitar,0
1,Guitar,6
3,Guitar,4
2,Guitar,8
3,Guitar,4
4,Guitar,6
2,Guitar,6
2,Guitar,5
2,Guitar,5
0,Guitar,5
1,Guitar_Noisy,6
86,Guitar,3
5,Guitar,7
0,Guitar,4
3,Guitar_Noisy,5
1,Guitar,1
2,Guitar,5
0,Guitar,0
1,Guitar,2
3,Guitar,7
3,Guitar,4
2,Guitar,7
0,Guitar,1
2,Guitar,1
4,Guitar,1
3,Guitar,6
83,Guitar,8
0,Guitar,0
97,Guitar,3
4,Guitar,7
2,Guitar,2
2,Guitar,1
5,Guitar,1
4,Guitar,8
0,Guitar,3
2,Guitar,2
0,Guitar,8
2,Guitar,8
4,Guitar,0
4,Guitar,9
0,Guitar,7
2,Guitar,9
3,Guitar,2
1,Guitar,6
0,Guitar,1
2,Guitar,2
0,Guitar,2
2,Guitar,5
0,Guitar,9
2,Guitar,5
2,Guitar,7
1,Guitar,4
0,Guitar,6
3,Guitar,9
0,Guitar,9
1,Guitar,7
3,Guitar,8
0,Guitar,9
2,Guitar,1
0,Guitar,9
4,Guitar,3
2,Guitar,3
3,Guitar,5
2,Guitar_Noisy,1
0,Guitar,2
1,Guitar,4
1,Guitar,9
0,Guitar,0
2,Guitar,4
2,Guitar_Noisy,8
0,Guitar,9
1,Guitar,2
4,Guitar,1
95,Guitar,3
2,Guitar,9
4,Guitar,1
62,Guitar,3
2,Guitar,4
0,Guitar,8
2,Guitar,9
1,Guitar,3
0,Guitar_Noisy,1
2,Guitar,4
4,Guitar,5
127,Guitar,3
0,Guitar,3
1,Guitar,4
2,Guitar,2
4,Guitar,7
1,Guitar,2
3,Guitar,2
4,Guitar,2
3,Guitar,3
2,Guitar,9
3,Guitar,3
3,Guitar,6
1,Guitar,0
5,Guitar,6
128,Guitar,8
3,Guitar,9
4,Guitar,4
5,Guitar,6
80,Guitar,3
1,Guitar,4
0,Guitar,2
